Mono path[0] = 'D:/Shape of Dreams/Shape of Dreams_Data/Managed'
Mono config path = 'D:/Shape of Dreams/MonoBleedingEdge/etc'
Input System module state changed to: Initialized.
[Physics::Module] Initialized fallback backend.
[Physics::Module] Id: 0xdecafbad
Initialize engine version: 6000.0.77f1 (88f89d0d8b31)
[Subsystems] Discovering subsystems at path D:/Shape of Dreams/Shape of Dreams_Data/UnitySubsystems
kGfxThreadingModeSplitJobs is not supported on Direct3D 11. Reverting to kGfxThreadingModeClientWorkerJobs instead.
GfxDevice: creating device client; kGfxThreadingModeClientWorkerJobs
Direct3D:
    Version:  Direct3D 11.0 [level 11.1]
    Renderer: NVIDIA GeForce RTX 3070 Ti (ID=0x2482)
    Vendor:   NVIDIA
    VRAM:     8017 MB
    Driver:   32.0.16.1692
Begin MonoManager ReloadAssembly
- Loaded All Assemblies, in  0.108 seconds
- Finished resetting the current domain, in  0.002 seconds
[Physics::Module] Selected backend.
[Physics::Module] Name: PhysX
[Physics::Module] Id: 0xf2b8ea05
[Physics::Module] SDK Version: 4.1.2
[Physics::Module] Integration Version: 1.0.0
[Physics::Module] Threading Mode: Multi-Threaded
[LaunchOptions] Received: D:\Shape of Dreams\Shape of Dreams.exe
[LaunchOptions] forceKeyboardAndMouse: False
[LaunchOptions] forceGamepad: False
[LaunchOptions] steamNoRestart: False
[LaunchOptions] connectLobby: 
[LaunchOptions] modDir: 
[Steamworks.NET] Successfully initialized Steam API.
Installed DLCS(1/1): 4890080
Odin Serializer ArchitectureInfo initialization with defaults (all unaligned read/writes disabled).
<RI> Initializing input.
Using Windows.Gaming.Input
<RI> Input initialized.
UnloadTime: 1.025900 ms
Using Build Profile: CurrentBuild
No pre-name-change persistent data found
Already made a daily backup today. Skipping...
Loaded platform settings.
DewLocalization init for runtime: 1364 Field Infos
Curl error 7: getsockname() failed with errno 10022: Invalid arguments
Curl error 7: getsockname() failed with errno 10022: Invalid arguments
Profile 'Dooby' validated: Achievements(62/93), Heroes(9/9), Skills(129/177), Gems(101/105), Artifacts(16/19), LucidDreams(13/15)
GetTicketForWebApi(DewOwnership): Getting ticket
System.NullReferenceException: Object reference not set to an instance of an object
  at Cysharp.Threading.Tasks.PlayerLoopHelper.AddAction (Cysharp.Threading.Tasks.PlayerLoopTiming timing, Cysharp.Threading.Tasks.IPlayerLoopItem action) [0x00000] in .\Library\PackageCache\com.cysharp.unitask@f1fb7eabff52\Runtime\PlayerLoopHelper.cs:490 
  at Cysharp.Threading.Tasks.UniTask+DelayPromise.Create (System.TimeSpan delayTimeSpan, Cysharp.Threading.Tasks.PlayerLoopTiming timing, System.Threading.CancellationToken cancellationToken, System.Int16& token) [0x0005a] in .\Library\PackageCache\com.cysharp.unitask@f1fb7eabff52\Runtime\UniTask.Delay.cs:645 
  at Cysharp.Threading.Tasks.UniTask.Delay (System.TimeSpan delayTimeSpan, Cysharp.Threading.Tasks.DelayType delayType, Cysharp.Threading.Tasks.PlayerLoopTiming delayTiming, System.Threading.CancellationToken cancellationToken) [0x00062] in .\Library\PackageCache\com.cysharp.unitask@f1fb7eabff52\Runtime\UniTask.Delay.cs:180 
  at Cysharp.Threading.Tasks.UniTaskExtensions.Timeout[T] (Cysharp.Threading.Tasks.UniTask`1[T] task, System.TimeSpan timeout, Cysharp.Threading.Tasks.DelayType delayType, Cysharp.Threading.Tasks.PlayerLoopTiming timeoutCheckTiming, System.Threading.CancellationTokenSource taskCancellationTokenSource) [0x00015] in .\Library\PackageCache\com.cysharp.unitask@f1fb7eabff52\Runtime\UniTaskExtensions.cs:416 
  at Cysharp.Threading.Tasks.UniTask+ExceptionResultSource`1[T].GetResult (System.Int16 token) [0x00015] in .\Library\PackageCache\com.cysharp.unitask@f1fb7eabff52\Runtime\UniTask.Factory.cs:255 
  at DewSteam.GetTicketForWebApi (System.String pchIdentity) [0x000ac] in C:\Komodo\ShapeOfDream\Dew\Assets\Scripts\Global\DewSteam.cs:172 
  at Cysharp.Threading.Tasks.UniTask+ExceptionResultSource`1[T].GetResult (System.Int16 token) [0x00015] in .\Library\PackageCache\com.cysharp.unitask@f1fb7eabff52\Runtime\UniTask.Factory.cs:255 
  at DewSave.UpsertProfile () [0x0005b] in C:\Komodo\ShapeOfDream\Dew\Assets\Scripts\Save\DewSave_Profile.cs:630 
Current scene: Splash
Loaded User Profile Dooby: C:/Users/hlai/AppData/LocalLow/Lizard Smoothie/Shape of Dreams\QuickSave\r_profile9e6c41c0-76df-4683-bc0b-180f01821664.json
== System Report START ==
Version: r.1.4.0.13_s
CPU: 12th Gen Intel(R) Core(TM) i7-12700K
CPU Cores: 20
CPU Frequency: 3610MHz

RAM: 32509MB

Graphics Device Name: NVIDIA GeForce RTX 3070 Ti
Graphics Device Type: Direct3D11
Graphics Memory: 8017MB
Graphics Device Version: Direct3D 11.0 [level 11.1]
Graphics Shader Level: 50

Operating System: Windows 11  (10.0.26200)
Device Model: System Product Name (ASUS)

Supports Compute Shaders: True
Supports Instancing: True
== System Report END ==
[DewResources] Preload Rule Added by MusicManager: 761 (Nothing changed)
Unity Services environment is: production
Odin Serializer detected whitelisted runtime platform WindowsPlayer and memory read test succeeded; enabling all unaligned memory read/writes.
Current scene: Splash
[EULA] Check failed due to below exception. Falling back to local
Curl error 7: getsockname() failed with errno 10022: Invalid arguments
System.ArgumentException: An item with the same key has already been added. Key: 4000
  at System.Collections.Generic.Dictionary`2[TKey,TValue].TryInsert (TKey key, TValue value, System.Collections.Generic.InsertionBehavior behavior) [0x000dd] in <4449e9424e7e4d4d81a660907c68cb97>:0 
  at System.Collections.Generic.Dictionary`2[TKey,TValue].Add (TKey key, TValue value) [0x00000] in <4449e9424e7e4d4d81a660907c68cb97>:0 
  at DewSteam.GetTicketForWebApi (System.String pchIdentity) [0x00055] in C:\Komodo\ShapeOfDream\Dew\Assets\Scripts\Global\DewSteam.cs:170 
  at Cysharp.Threading.Tasks.UniTask+ExceptionResultSource`1[T].GetResult (System.Int16 token) [0x00015] in .\Library\PackageCache\com.cysharp.unitask@f1fb7eabff52\Runtime\UniTask.Factory.cs:255 
  at DewEula.OnInit () [0x00081] in C:\Komodo\ShapeOfDream\Dew\Assets\Scripts\Common\DewEula.cs:44 
[DewItem] Spawning items maintenance daemon
Current scene: Splash
Lobby server is now LobbyServiceEOS
[Authentication]: Network error detected, retrying...
Curl error 7: getsockname() failed with errno 10022: Invalid arguments
[Authentication]: Network error detected, retrying...
Curl error 7: getsockname() failed with errno 10022: Invalid arguments
Curl error 7: getsockname() failed with errno 10022: Invalid arguments
Uploading Crash Report
ArgumentException: An item with the same key has already been added. Key: 4000
  at System.Collections.Generic.Dictionary`2[TKey,TValue].TryInsert (TKey key, TValue value, System.Collections.Generic.InsertionBehavior behavior) [0x000dd] in <4449e9424e7e4d4d81a660907c68cb97>:0 
  at System.Collections.Generic.Dictionary`2[TKey,TValue].Add (TKey key, TValue value) [0x00000] in <4449e9424e7e4d4d81a660907c68cb97>:0 
  at DewSteam.GetTicketForWebApi (System.String pchIdentity) [0x00055] in C:\Komodo\ShapeOfDream\Dew\Assets\Scripts\Global\DewSteam.cs:170 
  at Cysharp.Threading.Tasks.UniTask+ExceptionResultSource`1[T].GetResult (System.Int16 token) [0x00015] in .\Library\PackageCache\com.cysharp.unitask@f1fb7eabff52\Runtime\UniTask.Factory.cs:255 
  at EOSManager.TryInit () [0x00106] in C:\Komodo\ShapeOfDream\Dew\Assets\Scripts\Global\Managers\EOSManager.cs:63 
UnityEngine.DebugLogHandler:Internal_LogException_Injected(Exception, IntPtr)
UnityEngine.DebugLogHandler:Internal_LogException(Exception, Object)
UnityEngine.DebugLogHandler:LogException(Exception, Object)
UnityEngine.Logger:LogException(Exception, Object)
UnityEngine.Debug:LogException(Exception)
<TryInit>d__12:MoveNext() (at C:\Komodo\ShapeOfDream\Dew\Assets\Scripts\Global\Managers\EOSManager.cs:81)
System.Runtime.CompilerServices.MoveNextRunner:InvokeMoveNext(Object)
System.Threading.ExecutionContext:RunInternal(ExecutionContext, ContextCallback, Object, Boolean)
System.Threading.ExecutionContext:Run(ExecutionContext, ContextCallback, Object, Boolean)
System.Runtime.CompilerServices.MoveNextRunner:Run()
Cysharp.Threading.Tasks.AwaiterActions:Continuation(Object) (at .\Library\PackageCache\com.cysharp.unitask@f1fb7eabff52\Runtime\UniTask.cs:21)
Cysharp.Threading.Tasks.UniTaskCompletionSourceCore`1:TrySetResult(Object) (at .\Library\PackageCache\com.cysharp.unitask@f1fb7eabff52\Runtime\UniTaskCompletionSource.cs:139)
Cysharp.Threading.Tasks.WaitWhilePromise:MoveNext() (at .\Library\PackageCache\com.cysharp.unitask@f1fb7eabff52\Runtime\UniTask.WaitUntil.cs:234)
Cysharp.Threading.Tasks.Internal.PlayerLoopRunner:RunCore() (at .\Library\PackageCache\com.cysharp.unitask@f1fb7eabff52\Runtime\Internal\PlayerLoopRunner.cs:175)
Cysharp.Threading.Tasks.Internal.PlayerLoopRunner:Run() (at .\Library\PackageCache\com.cysharp.unitask@f1fb7eabff52\Runtime\Internal\PlayerLoopRunner.cs:133)

(Filename: C:/Komodo/ShapeOfDream/Dew/Assets/Scripts/Global/Managers/EOSManager.cs Line: 81)

Curl error 7: getsockname() failed with errno 10022: Invalid arguments
RenderGraph is now disabled.
[Authentication]: Request failed: 0, Cannot connect to destination host
Unity.Services.Core.RequestFailedException: Network Error: Cannot connect to destination host ---> Unity.Services.Authentication.WebRequestException: Cannot connect to destination host
  at Unity.Services.Authentication.WebRequest.SendAsync[T] () [0x00023] in .\Library\PackageCache\com.unity.services.authentication@1cdc3224fb13\Runtime\Network\WebRequest.cs:45 
  at Unity.Services.Authentication.AuthenticationServiceInternal.HandleSignInRequestAsync (System.Func`1[TResult] signInRequest, System.Boolean enableRefresh) [0x0002c] in .\Library\PackageCache\com.unity.services.authentication@1cdc3224fb13\Runtime\AuthenticationServiceInternal.cs:314 
   --- End of inner exception stack trace ---
Unity.Services.Core.RequestFailedException: Network Error: Cannot connect to destination host ---> Unity.Services.Authentication.WebRequestException: Cannot connect to destination host
  at Unity.Services.Authentication.WebRequest.SendAsync[T] () [0x00023] in .\Library\PackageCache\com.unity.services.authentication@1cdc3224fb13\Runtime\Network\WebRequest.cs:45 
  at Unity.Services.Authentication.AuthenticationServiceInternal.HandleSignInRequestAsync (System.Func`1[TResult] signInRequest, System.Boolean enableRefresh) [0x0002c] in .\Library\PackageCache\com.unity.services.authentication@1cdc3224fb13\Runtime\AuthenticationServiceInternal.cs:314 
   --- End of inner exception stack trace ---
  at Unity.Services.Authentication.AuthenticationServiceInternal.HandleSignInRequestAsync (System.Func`1[TResult] signInRequest, System.Boolean enableRefresh) [0x000d5] in .\Library\PackageCache\com.unity.services.authentication@1cdc3224fb13\Runtime\AuthenticationServiceInternal.cs:332 
  at UGSManager.TryInit () [0x000ea] in C:\Komodo\ShapeOfDream\Dew\Assets\Scripts\Global\Managers\UGSManager.cs:50 
[Authentication]: Request completed with error: Cannot connect to destination host
[DewItem] DewSteam ready. Daemon started
[DewItem] Starting maintenance of expired / non-owned items
[DewItem] No items to purge; exiting
[DewItem] Starting maintenance of DLC items
[DewItem] Found 1 items eligible for ownership. Skipping 0 and proceeding with generating 1: Skin_Lacerta_LoyalGuard
GetTicketForWebApi(DewOwnership): Getting ticket
GetTicketForWebApi(DewOwnership): Got ticket, bytes=5, hexLen=10
Connecting to ap-southeast-1...
Connection to ap-southeast-1 failed.
Connecting to ap-northeast-1...
Connection to ap-northeast-1 failed.
Connecting to ap-east-1...
Connection to ap-east-1 failed.
Connecting to ca-central-1...
Connection to ca-central-1 failed.
Connecting to us-west-1...
Connection to us-west-1 failed.
Connecting to eu-west-3...
Connection to eu-west-3 failed.
Uploading Crash Report
Exception: Request failed: Cannot connect to destination host
  at DewItem.PostRequestAsync (System.String url, System.Collections.Generic.Dictionary`2[TKey,TValue] postData, System.Single timeoutSeconds) [0x001b7] in C:\Komodo\ShapeOfDream\Dew\Assets\Scripts\Common\DewItem\DewItem_Web.cs:52 
  at Cysharp.Threading.Tasks.CompilerServices.AsyncUniTask`2[TStateMachine,T].GetResult (System.Int16 token) [0x00000] in .\Library\PackageCache\com.cysharp.unitask@f1fb7eabff52\Runtime\CompilerServices\StateMachineRunner.cs:342 
  at DewItem.RequestItemGeneration_Imp (System.Collections.Generic.Dictionary`2[TKey,TValue] body, SteamTicketForWebApi ticket) [0x00176] in C:\Komodo\ShapeOfDream\Dew\Assets\Scripts\Common\DewItem\DewItem.cs:445 
  at Cysharp.Threading.Tasks.CompilerServices.AsyncUniTask`2[TStateMachine,T].GetResult (System.Int16 token) [0x00000] in .\Library\PackageCache\com.cysharp.unitask@f1fb7eabff52\Runtime\CompilerServices\StateMachineRunner.cs:342 
  at Cysharp.Threading.Tasks.UniTask+WhenAllPromise`1[T].TryInvokeContinuation (Cysharp.Threading.Tasks.UniTask+WhenAllPromise`1[T] self, Cysharp.Threading.Tasks.UniTask`1+Awaiter[T]& awaiter, System.Int32 i) [0x00000] in .\Library\PackageCache\com.cysharp.unitask@f1fb7eabff52\Runtime\UniTask.WhenAll.cs:105 
--- End of stack trace from previous location where exception was thrown ---

  at Cysharp.Threading.Tasks.UniTask+WhenAllPromise`1[T].GetResult (System.Int16 token) [0x00006] in .\Library\PackageCache\com.cysharp.unitask@f1fb7eabff52\Runtime\UniTask.WhenAll.cs:123 
  at DewItem.GenerateItems (System.Collections.Generic.List`1[T] itemNames, System.Boolean showMessages) [0x0025d] in C:\Komodo\ShapeOfDream\Dew\Assets\Scripts\Common\DewItem\DewItem.cs:312 
UnityEngine.DebugLogHandler:Internal_LogException_Injected(Exception, IntPtr)
UnityEngine.DebugLogHandler:Internal_LogException(Exception, Object)
UnityEngine.DebugLogHandler:LogException(Exception, Object)
UnityEngine.Logger:LogException(Exception, Object)
UnityEngine.Debug:LogException(Exception)
DewSessionError:GetTextContent(Boolean) (at C:\Komodo\ShapeOfDream\Dew\Assets\Scripts\Game\DewSessionError.cs:142)
DewSessionError:Show(Boolean, Boolean) (at C:\Komodo\ShapeOfDream\Dew\Assets\Scripts\Game\DewSessionError.cs:165)
DewSessionError:ShowError(Exception, Boolean, Boolean) (at C:\Komodo\ShapeOfDream\Dew\Assets\Scripts\Game\DewSessionError.cs:85)
<GenerateItems>d__5:MoveNext() (at C:\Komodo\ShapeOfDream\Dew\Assets\Scripts\Common\DewItem\DewItem.cs:395)
Cysharp.Threading.Tasks.CompilerServices.AsyncUniTask`2:Run() (at .\Library\PackageCache\com.cysharp.unitask@f1fb7eabff52\Runtime\CompilerServices\StateMachineRunner.cs:313)
Cysharp.Threading.Tasks.AwaiterActions:Continuation(Object) (at .\Library\PackageCache\com.cysharp.unitask@f1fb7eabff52\Runtime\UniTask.cs:21)
Cysharp.Threading.Tasks.UniTaskCompletionSourceCore`1:TrySetException(Exception) (at .\Library\PackageCache\com.cysharp.unitask@f1fb7eabff52\Runtime\UniTaskCompletionSource.cs:167)
Cysharp.Threading.Tasks.WhenAllPromise`1:TryInvokeContinuation(WhenAllPromise`1, Awaiter&, Int32) (at .\Library\PackageCache\com.cysharp.unitask@f1fb7eabff52\Runtime\UniTask.WhenAll.cs:109)
Cysharp.Threading.Tasks.<>c:<.ctor>b__3_0(Object) (at .\Library\PackageCache\com.cysharp.unitask@f1fb7eabff52\Runtime\UniTask.WhenAll.cs:94)
Cysharp.Threading.Tasks.UniTaskCompletionSourceCore`1:TrySetException(Exception) (at .\Library\PackageCache\com.cysharp.unitask@f1fb7eabff52\Runtime\UniTaskCompletionSource.cs:167)
Cysharp.Threading.Tasks.CompilerServices.AsyncUniTask`2:SetException(Exception) (at .\Library\PackageCache\com.cysharp.unitask@f1fb7eabff52\Runtime\CompilerServices\StateMachineRunner.cs:334)
<RequestItemGeneration_Imp>d__7:MoveNext() (at C:\Komodo\ShapeOfDream\Dew\Assets\Scripts\Common\DewItem\DewItem.cs:472)
Cysharp.Threading.Tasks.CompilerServices.AsyncUniTask`2:Run() (at .\Library\PackageCache\com.cysharp.unitask@f1fb7eabff52\Runtime\CompilerServices\StateMachineRunner.cs:313)
Cysharp.Threading.Tasks.AwaiterActions:Continuation(Object) (at .\Library\PackageCache\com.cysharp.unitask@f1fb7eabff52\Runtime\UniTask.cs:21)
Cysharp.Threading.Tasks.UniTaskCompletionSourceCore`1:TrySetException(Exception) (at .\Library\PackageCache\com.cysharp.unitask@f1fb7eabff52\Runtime\UniTaskCompletionSource.cs:167)
Cysharp.Threading.Tasks.CompilerServices.AsyncUniTask`2:SetException(Exception) (at .\Library\PackageCache\com.cysharp.unitask@f1fb7eabff52\Runtime\CompilerServices\StateMachineRunner.cs:334)
<PostRequestAsync>d__16:MoveNext() (at C:\Komodo\ShapeOfDream\Dew\Assets\Scripts\Common\DewItem\DewItem_Web.cs:52)
Cysharp.Threading.Tasks.CompilerServices.AsyncUniTask`2:Run() (at .\Library\PackageCache\com.cysharp.unitask@f1fb7eabff52\Runtime\CompilerServices\StateMachineRunner.cs:313)
Cysharp.Threading.Tasks.AwaiterActions:Continuation(Object) (at .\Library\PackageCache\com.cysharp.unitask@f1fb7eabff52\Runtime\UniTask.cs:21)
Cysharp.Threading.Tasks.UniTaskCompletionSourceCore`1:TrySetException(Exception) (at .\Library\PackageCache\com.cysharp.unitask@f1fb7eabff52\Runtime\UniTaskCompletionSource.cs:167)
Cysharp.Threading.Tasks.UnityWebRequestAsyncOperationConfiguredSource:MoveNext() (at .\Library\PackageCache\com.cysharp.unitask@f1fb7eabff52\Runtime\UnityAsyncExtensions.cs:905)
Cysharp.Threading.Tasks.Internal.PlayerLoopRunner:RunCore() (at .\Library\PackageCache\com.cysharp.unitask@f1fb7eabff52\Runtime\Internal\PlayerLoopRunner.cs:175)
Cysharp.Threading.Tasks.Internal.PlayerLoopRunner:Run() (at .\Library\PackageCache\com.cysharp.unitask@f1fb7eabff52\Runtime\Internal\PlayerLoopRunner.cs:133)

(Filename: C:/Komodo/ShapeOfDream/Dew/Assets/Scripts/Game/DewSessionError.cs Line: 142)

Curl error 7: getsockname() failed with errno 10022: Invalid arguments
Uploading Crash Report
Exception: Request failed: Cannot connect to destination host
  at DewItem.PostRequestAsync (System.String url, System.Collections.Generic.Dictionary`2[TKey,TValue] postData, System.Single timeoutSeconds) [0x001b7] in C:\Komodo\ShapeOfDream\Dew\Assets\Scripts\Common\DewItem\DewItem_Web.cs:52 
  at Cysharp.Threading.Tasks.CompilerServices.AsyncUniTask`2[TStateMachine,T].GetResult (System.Int16 token) [0x00000] in .\Library\PackageCache\com.cysharp.unitask@f1fb7eabff52\Runtime\CompilerServices\StateMachineRunner.cs:342 
  at DewItem.RequestItemGeneration_Imp (System.Collections.Generic.Dictionary`2[TKey,TValue] body, SteamTicketForWebApi ticket) [0x00176] in C:\Komodo\ShapeOfDream\Dew\Assets\Scripts\Common\DewItem\DewItem.cs:445 
  at Cysharp.Threading.Tasks.CompilerServices.AsyncUniTask`2[TStateMachine,T].GetResult (System.Int16 token) [0x00000] in .\Library\PackageCache\com.cysharp.unitask@f1fb7eabff52\Runtime\CompilerServices\StateMachineRunner.cs:342 
  at Cysharp.Threading.Tasks.UniTask+WhenAllPromise`1[T].TryInvokeContinuation (Cysharp.Threading.Tasks.UniTask+WhenAllPromise`1[T] self, Cysharp.Threading.Tasks.UniTask`1+Awaiter[T]& awaiter, System.Int32 i) [0x00000] in .\Library\PackageCache\com.cysharp.unitask@f1fb7eabff52\Runtime\UniTask.WhenAll.cs:105 
--- End of stack trace from previous location where exception was thrown ---

  at Cysharp.Threading.Tasks.UniTask+WhenAllPromise`1[T].GetResult (System.Int16 token) [0x00006] in .\Library\PackageCache\com.cysharp.unitask@f1fb7eabff52\Runtime\UniTask.WhenAll.cs:123 
  at DewItem.GenerateItems (System.Collections.Generic.List`1[T] itemNames, System.Boolean showMessages) [0x0025d] in C:\Komodo\ShapeOfDream\Dew\Assets\Scripts\Common\DewItem\DewItem.cs:312 
UnityEngine.DebugLogHandler:Internal_LogException_Injected(Exception, IntPtr)
UnityEngine.DebugLogHandler:Internal_LogException(Exception, Object)
UnityEngine.DebugLogHandler:LogException(Exception, Object)
UnityEngine.Logger:LogException(Exception, Object)
UnityEngine.Debug:LogException(Exception)
DewSessionError:GetTextContent(Boolean) (at C:\Komodo\ShapeOfDream\Dew\Assets\Scripts\Game\DewSessionError.cs:152)
DewSessionError:Show(Boolean, Boolean) (at C:\Komodo\ShapeOfDream\Dew\Assets\Scripts\Game\DewSessionError.cs:165)
DewSessionError:ShowError(Exception, Boolean, Boolean) (at C:\Komodo\ShapeOfDream\Dew\Assets\Scripts\Game\DewSessionError.cs:85)
<GenerateItems>d__5:MoveNext() (at C:\Komodo\ShapeOfDream\Dew\Assets\Scripts\Common\DewItem\DewItem.cs:395)
Cysharp.Threading.Tasks.CompilerServices.AsyncUniTask`2:Run() (at .\Library\PackageCache\com.cysharp.unitask@f1fb7eabff52\Runtime\CompilerServices\StateMachineRunner.cs:313)
Cysharp.Threading.Tasks.AwaiterActions:Continuation(Object) (at .\Library\PackageCache\com.cysharp.unitask@f1fb7eabff52\Runtime\UniTask.cs:21)
Cysharp.Threading.Tasks.UniTaskCompletionSourceCore`1:TrySetException(Exception) (at .\Library\PackageCache\com.cysharp.unitask@f1fb7eabff52\Runtime\UniTaskCompletionSource.cs:167)
Cysharp.Threading.Tasks.WhenAllPromise`1:TryInvokeContinuation(WhenAllPromise`1, Awaiter&, Int32) (at .\Library\PackageCache\com.cysharp.unitask@f1fb7eabff52\Runtime\UniTask.WhenAll.cs:109)
Cysharp.Threading.Tasks.<>c:<.ctor>b__3_0(Object) (at .\Library\PackageCache\com.cysharp.unitask@f1fb7eabff52\Runtime\UniTask.WhenAll.cs:94)
Cysharp.Threading.Tasks.UniTaskCompletionSourceCore`1:TrySetException(Exception) (at .\Library\PackageCache\com.cysharp.unitask@f1fb7eabff52\Runtime\UniTaskCompletionSource.cs:167)
Cysharp.Threading.Tasks.CompilerServices.AsyncUniTask`2:SetException(Exception) (at .\Library\PackageCache\com.cysharp.unitask@f1fb7eabff52\Runtime\CompilerServices\StateMachineRunner.cs:334)
<RequestItemGeneration_Imp>d__7:MoveNext() (at C:\Komodo\ShapeOfDream\Dew\Assets\Scripts\Common\DewItem\DewItem.cs:472)
Cysharp.Threading.Tasks.CompilerServices.AsyncUniTask`2:Run() (at .\Library\PackageCache\com.cysharp.unitask@f1fb7eabff52\Runtime\CompilerServices\StateMachineRunner.cs:313)
Cysharp.Threading.Tasks.AwaiterActions:Continuation(Object) (at .\Library\PackageCache\com.cysharp.unitask@f1fb7eabff52\Runtime\UniTask.cs:21)
Cysharp.Threading.Tasks.UniTaskCompletionSourceCore`1:TrySetException(Exception) (at .\Library\PackageCache\com.cysharp.unitask@f1fb7eabff52\Runtime\UniTaskCompletionSource.cs:167)
Cysharp.Threading.Tasks.CompilerServices.AsyncUniTask`2:SetException(Exception) (at .\Library\PackageCache\com.cysharp.unitask@f1fb7eabff52\Runtime\CompilerServices\StateMachineRunner.cs:334)
<PostRequestAsync>d__16:MoveNext() (at C:\Komodo\ShapeOfDream\Dew\Assets\Scripts\Common\DewItem\DewItem_Web.cs:52)
Cysharp.Threading.Tasks.CompilerServices.AsyncUniTask`2:Run() (at .\Library\PackageCache\com.cysharp.unitask@f1fb7eabff52\Runtime\CompilerServices\StateMachineRunner.cs:313)
Cysharp.Threading.Tasks.AwaiterActions:Continuation(Object) (at .\Library\PackageCache\com.cysharp.unitask@f1fb7eabff52\Runtime\UniTask.cs:21)
Cysharp.Threading.Tasks.UniTaskCompletionSourceCore`1:TrySetException(Exception) (at .\Library\PackageCache\com.cysharp.unitask@f1fb7eabff52\Runtime\UniTaskCompletionSource.cs:167)
Cysharp.Threading.Tasks.UnityWebRequestAsyncOperationConfiguredSource:MoveNext() (at .\Library\PackageCache\com.cysharp.unitask@f1fb7eabff52\Runtime\UnityAsyncExtensions.cs:905)
Cysharp.Threading.Tasks.Internal.PlayerLoopRunner:RunCore() (at .\Library\PackageCache\com.cysharp.unitask@f1fb7eabff52\Runtime\Internal\PlayerLoopRunner.cs:175)
Cysharp.Threading.Tasks.Internal.PlayerLoopRunner:Run() (at .\Library\PackageCache\com.cysharp.unitask@f1fb7eabff52\Runtime\Internal\PlayerLoopRunner.cs:133)

(Filename: C:/Komodo/ShapeOfDream/Dew/Assets/Scripts/Game/DewSessionError.cs Line: 152)

Curl error 7: getsockname() failed with errno 10022: Invalid arguments
Curl error 7: getsockname() failed with errno 10022: Invalid arguments
Unloading 8 Unused Serialized files (Serialized files now loaded: 3)
UnloadTime: 2.808000 ms
Current scene: Intro
Unloading 5546 unused Assets to reduce memory usage. Loaded Objects now: 28104.
Total: 41.802700 ms (FindLiveObjects: 1.214100 ms CreateObjectMapping: 0.993000 ms MarkObjects: 38.399700 ms  DeleteObjects: 1.195600 ms)

Color primaries 0 is unknown or unsupported by WindowsMediaFoundation. Falling back to default may result in color shift. D:/Shape of Dreams/Shape of Dreams_Data/sharedassets1.resource
Unloading 6 Unused Serialized files (Serialized files now loaded: 3)
UnloadTime: 1.231000 ms
Unloading 10 unused Assets to reduce memory usage. Loaded Objects now: 46698.
Total: 42.478900 ms (FindLiveObjects: 1.657000 ms CreateObjectMapping: 0.768100 ms MarkObjects: 39.936300 ms  DeleteObjects: 0.117200 ms)

Current scene: Title
[DewResources] Preload Rule Added by TitleManager: 766 -> 950 (+184)
[DewResources] Maintenance Finished: 950 -> 255 (-695) (+0)
UI_Title_ProfileSelection_ListWindow Start
Destroying EOS...
Creating EOS...
Done. Initializing...
GetTicketForWebApi(epiconlineservices): Getting ticket
GetTicketForWebApi(epiconlineservices): Got ticket, bytes=5, hexLen=10
Initializing EOS with SteamSessionTicket
Unloading 2 Unused Serialized files (Serialized files now loaded: 3)
Unloading 3676 unused Assets to reduce memory usage. Loaded Objects now: 61822.
Total: 48.308500 ms (FindLiveObjects: 2.524000 ms CreateObjectMapping: 1.286200 ms MarkObjects: 42.994000 ms  DeleteObjects: 1.504000 ms)

Epic Manager: Category - LogHttp Message - 00000228EFA92AF0: invalid HTTP response code received. URL: https://api.epicgames.dev/sdk/v1/default?platformId=WIN, HTTP code: 0, content length: 0, actual payload size: 0
Epic Manager: Category - LogHttp Message - 00000228EFA92AF0: request failed, libcurl error: 7 (Couldn't connect to server)
Epic Manager: Category - LogHttp Message - 00000228EFA92AF0: libcurl info message cache 0 (  Trying 104.18.124.108:443...)
Epic Manager: Category - LogHttp Message - 00000228EFA92AF0: libcurl info message cache 1 (Immediate connect fail for 104.18.124.108: Connection refused)
Epic Manager: Category - LogHttp Message - 00000228EFA92AF0: libcurl info message cache 2 (  Trying 104.18.125.108:443...)
Epic Manager: Category - LogHttp Message - 00000228EFA92AF0: libcurl info message cache 3 (Immediate connect fail for 104.18.125.108: Connection refused)
Epic Manager: Category - LogHttp Message - 00000228EFA92AF0: libcurl info message cache 4 (Failed to connect to api.epicgames.dev port 443 after 8 ms: Couldn't connect to server)
Epic Manager: Category - LogHttp Message - 00000228EFA92AF0: libcurl info message cache 5 (Closing connection)
Epic Manager: Category - LogHttp Message - Retry exhausted on https://api.epicgames.dev/sdk/v1/default?platformId=WIN
[DewMod] Initialized com.doobyy.dpsmeter::DPSMeter
[DewMod] Activating com.doobyy.dpsmeter
Epic Manager: Category - LogHttp Message - 000002277C6941F0: invalid HTTP response code received. URL: https://api.epicgames.dev/sdk/v1/default?platformId=WIN, HTTP code: 0, content length: 0, actual payload size: 0
Epic Manager: Category - LogHttp Message - 000002277C6941F0: request failed, libcurl error: 7 (Couldn't connect to server)
Epic Manager: Category - LogHttp Message - 000002277C6941F0: libcurl info message cache 0 (Hostname api.epicgames.dev was found in DNS cache)
Epic Manager: Category - LogHttp Message - 000002277C6941F0: libcurl info message cache 1 (  Trying 104.18.124.108:443...)
Epic Manager: Category - LogHttp Message - 000002277C6941F0: libcurl info message cache 2 (Immediate connect fail for 104.18.124.108: Connection refused)
Epic Manager: Category - LogHttp Message - 000002277C6941F0: libcurl info message cache 3 (  Trying 104.18.125.108:443...)
Epic Manager: Category - LogHttp Message - 000002277C6941F0: libcurl info message cache 4 (Immediate connect fail for 104.18.125.108: Connection refused)
Epic Manager: Category - LogHttp Message - 000002277C6941F0: libcurl info message cache 5 (Failed to connect to api.epicgames.dev port 443 after 4 ms: Couldn't connect to server)
Epic Manager: Category - LogHttp Message - 000002277C6941F0: libcurl info message cache 6 (Closing connection)
Epic Manager: Category - LogHttp Message - Retry exhausted on https://api.epicgames.dev/sdk/v1/default?platformId=WIN
Unloading 7 Unused Serialized files (Serialized files now loaded: 3)
UnloadTime: 33.966600 ms
Unloading 465 unused Assets to reduce memory usage. Loaded Objects now: 87279.
Total: 48.467700 ms (FindLiveObjects: 2.676900 ms CreateObjectMapping: 1.305900 ms MarkObjects: 43.468400 ms  DeleteObjects: 1.016100 ms)

TelepathyTransport initialized!
Current scene: PlayLobby
[DewResources] Preload Rule Added by PlayLobbyManager: 910 (Nothing changed)
[DewResources] Maintenance Finished: 910 (Nothing changed)
DewNetworkManager - StartGame - Singleplayer
SetLobbyAttribute(hasGameStarted) skipped - no current lobby
SetLobbyAttribute(allowJoin) skipped - no current lobby
Lobby joinability updated: hasGameStarted=True, allowJoin=True
Unloading 2 Unused Serialized files (Serialized files now loaded: 3)
Unloading 26 unused Assets to reduce memory usage. Loaded Objects now: 172518.
Total: 64.240100 ms (FindLiveObjects: 8.099800 ms CreateObjectMapping: 3.121900 ms MarkObjects: 52.707900 ms  DeleteObjects: 0.310100 ms)

Unloading 7 Unused Serialized files (Serialized files now loaded: 3)
UnloadTime: 86.396200 ms
Current scene: PlayGame
Unloading 2273 unused Assets to reduce memory usage. Loaded Objects now: 111790.
Total: 140.664000 ms (FindLiveObjects: 5.263300 ms CreateObjectMapping: 2.164900 ms MarkObjects: 48.034500 ms  DeleteObjects: 85.201100 ms)

Unloading 1 Unused Serialized files (Serialized files now loaded: 3)
Unloading 0 unused Assets to reduce memory usage. Loaded Objects now: 111788.
Total: 55.548400 ms (FindLiveObjects: 4.842500 ms CreateObjectMapping: 2.292100 ms MarkObjects: 48.302400 ms  DeleteObjects: 0.111100 ms)

Difficulty is at diffNormal.
[DewResources] Preload Rule Added by PlayGameManager: 994 (Nothing changed)
[DewResources] Preload Rule Added by PlayGameManager: 994 -> 1018 (+24)
[DewResources] Preload Rule Added by ActorManager (Networked): 1018 (Nothing changed)
[DewResources] Preload Rule Added by ZoneManager (Networked): 1019 (Nothing changed)
Epic Manager: Category - LogHttp Message - 00000229AA205EF0: invalid HTTP response code received. URL: https://api.epicgames.dev/sdk/v1/default?platformId=WIN, HTTP code: 0, content length: 0, actual payload size: 0
Epic Manager: Category - LogHttp Message - 00000229AA205EF0: request failed, libcurl error: 7 (Couldn't connect to server)
Epic Manager: Category - LogHttp Message - 00000229AA205EF0: libcurl info message cache 0 (Hostname api.epicgames.dev was found in DNS cache)
Epic Manager: Category - LogHttp Message - 00000229AA205EF0: libcurl info message cache 1 (  Trying 104.18.124.108:443...)
Epic Manager: Category - LogHttp Message - 00000229AA205EF0: libcurl info message cache 2 (Immediate connect fail for 104.18.124.108: Connection refused)
Epic Manager: Category - LogHttp Message - 00000229AA205EF0: libcurl info message cache 3 (  Trying 104.18.125.108:443...)
Epic Manager: Category - LogHttp Message - 00000229AA205EF0: libcurl info message cache 4 (Immediate connect fail for 104.18.125.108: Connection refused)
Epic Manager: Category - LogHttp Message - 00000229AA205EF0: libcurl info message cache 5 (Failed to connect to api.epicgames.dev port 443 after 4 ms: Couldn't connect to server)
Epic Manager: Category - LogHttp Message - 00000229AA205EF0: libcurl info message cache 6 (Closing connection)
Epic Manager: Category - LogHttp Message - Retry exhausted on https://api.epicgames.dev/sdk/v1/default?platformId=WIN
Login returned NoConnection
Retrying...
Epic Manager: Category - LogEOSConnect Message - Invalid parameter EOS_Connect_CreateUserOptions.ContinuanceToken reason: property must not be null
InvalidParameters
Loading game from continue data
Difficulty is at diffNightmare.
Ambient level is now 4
SetLobbyAttribute(hasGameStarted) skipped - no current lobby
SetLobbyAttribute(allowJoin) skipped - no current lobby
Lobby joinability updated: hasGameStarted=True, allowJoin=True
SetLobbyAttribute(hasGameStarted) skipped - no current lobby
SetLobbyAttribute(allowJoin) skipped - no current lobby
Lobby joinability updated: hasGameStarted=True, allowJoin=True
Failed to create agent because there is no valid NavMesh
Failed to create agent because there is no valid NavMesh
Quest_ShapeOfDreams started step 'Default' (LoadedFromSave)
Started tracking replaced [20] Hero_Bismuth of HumanPlayerLocal(76561197960271872) Dooby (12)
[DPS Meter] Zone/node reset listeners attached.
[DPS Meter] Damage event listener attached.
Curl error 7: getsockname() failed with errno 10022: Invalid arguments
Failed to create agent because there is no valid NavMesh
Unloading 2 Unused Serialized files (Serialized files now loaded: 3)
Unloading 435 unused Assets to reduce memory usage. Loaded Objects now: 118577.
Total: 55.825200 ms (FindLiveObjects: 4.998700 ms CreateObjectMapping: 2.403800 ms MarkObjects: 48.157600 ms  DeleteObjects: 0.264700 ms)

Unloading 20 Unused Serialized files (Serialized files now loaded: 3)
UnloadTime: 0.788000 ms
Current scene: Room_Despair_Combat_1_2
Unloading 80 unused Assets to reduce memory usage. Loaded Objects now: 136566.
Total: 76.082100 ms (FindLiveObjects: 5.919600 ms CreateObjectMapping: 2.428000 ms MarkObjects: 50.848100 ms  DeleteObjects: 16.886200 ms)

Unloading 1 Unused Serialized files (Serialized files now loaded: 3)
Unloading 2 unused Assets to reduce memory usage. Loaded Objects now: 136562.
Total: 62.741500 ms (FindLiveObjects: 6.139200 ms CreateObjectMapping: 2.722100 ms MarkObjects: 53.654500 ms  DeleteObjects: 0.225300 ms)

Failed to create agent because it is not close enough to the NavMesh
TravelToNode: Start waiting for clients
TravelToNode: All clients are ready
Added modifier of type RoomMod_SpawnMiniBoss
[DewResources] Preload Rule Added by Room_Despair_Combat_1_2: 1085 -> 1102 (+17)
[DewResources] Maintenance Finished: 1105 -> 844 (-387) (+126)
[DewResources] Maintenance Finished: 844 (Nothing changed)
[DewResources] WaitForPendingLoads: completed 1 in-flight load(s)
Load game finished
Started tracking 2 reveries
Local achievement continue data found. Applying...
Started tracking 31 achievements
[DPS Meter][HEAL TRACE] TARGET STAR EFFECT FOUND name=Se_Star_L_HealOnAttack(Clone)
[DPS Meter][HEAL TRACE] SELECTED LOADOUT type=HeroLoadoutData
[DPS Meter][HEAL TRACE] OBJECT SCAN SelectedLoadout type=HeroLoadoutData
[DPS Meter][HEAL TRACE] OBJECT MEMBER HeroLoadoutData.skillQ declaredType=System.Int32 valueType=System.Int32
[DPS Meter][HEAL TRACE] OBJECT MEMBER HeroLoadoutData.skillQ value=1
[DPS Meter][HEAL TRACE] OBJECT MEMBER HeroLoadoutData.skillR declaredType=System.Int32 valueType=System.Int32
[DPS Meter][HEAL TRACE] OBJECT MEMBER HeroLoadoutData.skillR value=0
[DPS Meter][HEAL TRACE] OBJECT MEMBER HeroLoadoutData.skillTrait declaredType=System.Int32 valueType=System.Int32
[DPS Meter][HEAL TRACE] OBJECT MEMBER HeroLoadoutData.skillTrait value=0
[DPS Meter][HEAL TRACE] OBJECT MEMBER HeroLoadoutData.skillMovement declaredType=System.Int32 valueType=System.Int32
[DPS Meter][HEAL TRACE] OBJECT MEMBER HeroLoadoutData.skillMovement value=0
[DPS Meter][HEAL TRACE] OBJECT MEMBER HeroLoadoutData.cDestruction declaredType=System.Collections.Generic.List`1[[LoadoutStarItem, Dew.Core, Version=0.0.0.0, Culture=neutral, PublicKeyToken=null]] valueType=System.Collections.Generic.List`1[[LoadoutStarItem, Dew.Core, Version=0.0.0.0, Culture=neutral, PublicKeyToken=null]]
[DPS Meter][HEAL TRACE] OBJECT MEMBER HeroLoadoutData.cDestruction item[0] type=LoadoutStarItem value=LoadoutStarItem
[DPS Meter][HEAL TRACE] OBJECT MEMBER HeroLoadoutData.cDestruction item[1] type=LoadoutStarItem value=LoadoutStarItem
[DPS Meter][HEAL TRACE] OBJECT MEMBER HeroLoadoutData.cDestruction item[2] type=LoadoutStarItem value=LoadoutStarItem
[DPS Meter][HEAL TRACE] OBJECT MEMBER HeroLoadoutData.cDestruction item[3] type=LoadoutStarItem value=LoadoutStarItem
[DPS Meter][HEAL TRACE] OBJECT MEMBER HeroLoadoutData.cDestruction item[4] type=LoadoutStarItem value=LoadoutStarItem
[DPS Meter][HEAL TRACE] OBJECT MEMBER HeroLoadoutData.cLife declaredType=System.Collections.Generic.List`1[[LoadoutStarItem, Dew.Core, Version=0.0.0.0, Culture=neutral, PublicKeyToken=null]] valueType=System.Collections.Generic.List`1[[LoadoutStarItem, Dew.Core, Version=0.0.0.0, Culture=neutral, PublicKeyToken=null]]
[DPS Meter][HEAL TRACE] OBJECT MEMBER HeroLoadoutData.cLife item[0] type=LoadoutStarItem value=LoadoutStarItem
[DPS Meter][HEAL TRACE] OBJECT MEMBER HeroLoadoutData.cLife item[1] type=LoadoutStarItem value=LoadoutStarItem
[DPS Meter][HEAL TRACE] OBJECT MEMBER HeroLoadoutData.cLife item[2] type=LoadoutStarItem value=LoadoutStarItem
[DPS Meter][HEAL TRACE] OBJECT MEMBER HeroLoadoutData.cImagination declaredType=System.Collections.Generic.List`1[[LoadoutStarItem, Dew.Core, Version=0.0.0.0, Culture=neutral, PublicKeyToken=null]] valueType=System.Collections.Generic.List`1[[LoadoutStarItem, Dew.Core, Version=0.0.0.0, Culture=neutral, PublicKeyToken=null]]
[DPS Meter][HEAL TRACE] OBJECT MEMBER HeroLoadoutData.cImagination item[0] type=LoadoutStarItem value=LoadoutStarItem
[DPS Meter][HEAL TRACE] OBJECT MEMBER HeroLoadoutData.cImagination item[1] type=LoadoutStarItem value=LoadoutStarItem
[DPS Meter][HEAL TRACE] OBJECT MEMBER HeroLoadoutData.cImagination item[2] type=LoadoutStarItem value=LoadoutStarItem
[DPS Meter][HEAL TRACE] OBJECT MEMBER HeroLoadoutData.cImagination item[3] type=LoadoutStarItem value=LoadoutStarItem
[DPS Meter][HEAL TRACE] OBJECT MEMBER HeroLoadoutData.cImagination item[4] type=LoadoutStarItem value=LoadoutStarItem
[DPS Meter][HEAL TRACE] OBJECT MEMBER HeroLoadoutData.cImagination item[5] type=LoadoutStarItem value=LoadoutStarItem
[DPS Meter][HEAL TRACE] OBJECT MEMBER HeroLoadoutData.cImagination item[6] type=LoadoutStarItem value=LoadoutStarItem
[DPS Meter][HEAL TRACE] OBJECT MEMBER HeroLoadoutData.cFlexible declaredType=System.Collections.Generic.List`1[[LoadoutStarItem, Dew.Core, Version=0.0.0.0, Culture=neutral, PublicKeyToken=null]] valueType=System.Collections.Generic.List`1[[LoadoutStarItem, Dew.Core, Version=0.0.0.0, Culture=neutral, PublicKeyToken=null]]
[DPS Meter][HEAL TRACE] OBJECT MEMBER HeroLoadoutData.cFlexible item[0] type=LoadoutStarItem value=LoadoutStarItem
[DPS Meter][HEAL TRACE] OBJECT MEMBER HeroLoadoutData.cFlexible item[1] type=LoadoutStarItem value=LoadoutStarItem
[DPS Meter][HEAL TRACE] OBJECT MEMBER HeroLoadoutData.cFlexible item[2] type=LoadoutStarItem value=LoadoutStarItem
Epic Manager: Category - LogHttp Message - 00000229AA203070: invalid HTTP response code received. URL: https://api.epicgames.dev/sdk/v1/default?platformId=WIN, HTTP code: 0, content length: 0, actual payload size: 0
Epic Manager: Category - LogHttp Message - 00000229AA203070: request failed, libcurl error: 7 (Couldn't connect to server)
Epic Manager: Category - LogHttp Message - 00000229AA203070: libcurl info message cache 0 (Hostname api.epicgames.dev was found in DNS cache)
Epic Manager: Category - LogHttp Message - 00000229AA203070: libcurl info message cache 1 (  Trying 104.18.124.108:443...)
Epic Manager: Category - LogHttp Message - 00000229AA203070: libcurl info message cache 2 (Immediate connect fail for 104.18.124.108: Connection refused)
Epic Manager: Category - LogHttp Message - 00000229AA203070: libcurl info message cache 3 (  Trying 104.18.125.108:443...)
Epic Manager: Category - LogHttp Message - 00000229AA203070: libcurl info message cache 4 (Immediate connect fail for 104.18.125.108: Connection refused)
Epic Manager: Category - LogHttp Message - 00000229AA203070: libcurl info message cache 5 (Failed to connect to api.epicgames.dev port 443 after 4 ms: Couldn't connect to server)
Epic Manager: Category - LogHttp Message - 00000229AA203070: libcurl info message cache 6 (Closing connection)
Epic Manager: Category - LogHttp Message - Retry exhausted on https://api.epicgames.dev/sdk/v1/default?platformId=WIN
[DPS Meter][HEAL TRACE] TARGET STAR EFFECT FOUND name=Se_Star_L_HealOnAttack(Clone)
[DPS Meter][HEAL TRACE] SELECTED LOADOUT type=HeroLoadoutData
[DPS Meter][HEAL TRACE] OBJECT SCAN SelectedLoadout type=HeroLoadoutData
[DPS Meter][HEAL TRACE] OBJECT MEMBER HeroLoadoutData.skillQ declaredType=System.Int32 valueType=System.Int32
[DPS Meter][HEAL TRACE] OBJECT MEMBER HeroLoadoutData.skillQ value=1
[DPS Meter][HEAL TRACE] OBJECT MEMBER HeroLoadoutData.skillR declaredType=System.Int32 valueType=System.Int32
[DPS Meter][HEAL TRACE] OBJECT MEMBER HeroLoadoutData.skillR value=0
[DPS Meter][HEAL TRACE] OBJECT MEMBER HeroLoadoutData.skillTrait declaredType=System.Int32 valueType=System.Int32
[DPS Meter][HEAL TRACE] OBJECT MEMBER HeroLoadoutData.skillTrait value=0
[DPS Meter][HEAL TRACE] OBJECT MEMBER HeroLoadoutData.skillMovement declaredType=System.Int32 valueType=System.Int32
[DPS Meter][HEAL TRACE] OBJECT MEMBER HeroLoadoutData.skillMovement value=0
[DPS Meter][HEAL TRACE] OBJECT MEMBER HeroLoadoutData.cDestruction declaredType=System.Collections.Generic.List`1[[LoadoutStarItem, Dew.Core, Version=0.0.0.0, Culture=neutral, PublicKeyToken=null]] valueType=System.Collections.Generic.List`1[[LoadoutStarItem, Dew.Core, Version=0.0.0.0, Culture=neutral, PublicKeyToken=null]]
[DPS Meter][HEAL TRACE] OBJECT MEMBER HeroLoadoutData.cDestruction item[0] type=LoadoutStarItem value=LoadoutStarItem
[DPS Meter][HEAL TRACE] OBJECT MEMBER HeroLoadoutData.cDestruction item[1] type=LoadoutStarItem value=LoadoutStarItem
[DPS Meter][HEAL TRACE] OBJECT MEMBER HeroLoadoutData.cDestruction item[2] type=LoadoutStarItem value=LoadoutStarItem
[DPS Meter][HEAL TRACE] OBJECT MEMBER HeroLoadoutData.cDestruction item[3] type=LoadoutStarItem value=LoadoutStarItem
[DPS Meter][HEAL TRACE] OBJECT MEMBER HeroLoadoutData.cDestruction item[4] type=LoadoutStarItem value=LoadoutStarItem
[DPS Meter][HEAL TRACE] OBJECT MEMBER HeroLoadoutData.cLife declaredType=System.Collections.Generic.List`1[[LoadoutStarItem, Dew.Core, Version=0.0.0.0, Culture=neutral, PublicKeyToken=null]] valueType=System.Collections.Generic.List`1[[LoadoutStarItem, Dew.Core, Version=0.0.0.0, Culture=neutral, PublicKeyToken=null]]
[DPS Meter][HEAL TRACE] OBJECT MEMBER HeroLoadoutData.cLife item[0] type=LoadoutStarItem value=LoadoutStarItem
[DPS Meter][HEAL TRACE] OBJECT MEMBER HeroLoadoutData.cLife item[1] type=LoadoutStarItem value=LoadoutStarItem
[DPS Meter][HEAL TRACE] OBJECT MEMBER HeroLoadoutData.cLife item[2] type=LoadoutStarItem value=LoadoutStarItem
[DPS Meter][HEAL TRACE] OBJECT MEMBER HeroLoadoutData.cImagination declaredType=System.Collections.Generic.List`1[[LoadoutStarItem, Dew.Core, Version=0.0.0.0, Culture=neutral, PublicKeyToken=null]] valueType=System.Collections.Generic.List`1[[LoadoutStarItem, Dew.Core, Version=0.0.0.0, Culture=neutral, PublicKeyToken=null]]
[DPS Meter][HEAL TRACE] OBJECT MEMBER HeroLoadoutData.cImagination item[0] type=LoadoutStarItem value=LoadoutStarItem
[DPS Meter][HEAL TRACE] OBJECT MEMBER HeroLoadoutData.cImagination item[1] type=LoadoutStarItem value=LoadoutStarItem
[DPS Meter][HEAL TRACE] OBJECT MEMBER HeroLoadoutData.cImagination item[2] type=LoadoutStarItem value=LoadoutStarItem
[DPS Meter][HEAL TRACE] OBJECT MEMBER HeroLoadoutData.cImagination item[3] type=LoadoutStarItem value=LoadoutStarItem
[DPS Meter][HEAL TRACE] OBJECT MEMBER HeroLoadoutData.cImagination item[4] type=LoadoutStarItem value=LoadoutStarItem
[DPS Meter][HEAL TRACE] OBJECT MEMBER HeroLoadoutData.cImagination item[5] type=LoadoutStarItem value=LoadoutStarItem
[DPS Meter][HEAL TRACE] OBJECT MEMBER HeroLoadoutData.cImagination item[6] type=LoadoutStarItem value=LoadoutStarItem
[DPS Meter][HEAL TRACE] OBJECT MEMBER HeroLoadoutData.cFlexible declaredType=System.Collections.Generic.List`1[[LoadoutStarItem, Dew.Core, Version=0.0.0.0, Culture=neutral, PublicKeyToken=null]] valueType=System.Collections.Generic.List`1[[LoadoutStarItem, Dew.Core, Version=0.0.0.0, Culture=neutral, PublicKeyToken=null]]
[DPS Meter][HEAL TRACE] OBJECT MEMBER HeroLoadoutData.cFlexible item[0] type=LoadoutStarItem value=LoadoutStarItem
[DPS Meter][HEAL TRACE] OBJECT MEMBER HeroLoadoutData.cFlexible item[1] type=LoadoutStarItem value=LoadoutStarItem
[DPS Meter][HEAL TRACE] OBJECT MEMBER HeroLoadoutData.cFlexible item[2] type=LoadoutStarItem value=LoadoutStarItem
[DPS Meter][HEAL TRACE] TARGET STAR EFFECT FOUND name=Se_Star_L_HealOnAttack(Clone)
[DPS Meter][HEAL TRACE] SELECTED LOADOUT type=HeroLoadoutData
[DPS Meter][HEAL TRACE] OBJECT SCAN SelectedLoadout type=HeroLoadoutData
[DPS Meter][HEAL TRACE] OBJECT MEMBER HeroLoadoutData.skillQ declaredType=System.Int32 valueType=System.Int32
[DPS Meter][HEAL TRACE] OBJECT MEMBER HeroLoadoutData.skillQ value=1
[DPS Meter][HEAL TRACE] OBJECT MEMBER HeroLoadoutData.skillR declaredType=System.Int32 valueType=System.Int32
[DPS Meter][HEAL TRACE] OBJECT MEMBER HeroLoadoutData.skillR value=0
[DPS Meter][HEAL TRACE] OBJECT MEMBER HeroLoadoutData.skillTrait declaredType=System.Int32 valueType=System.Int32
[DPS Meter][HEAL TRACE] OBJECT MEMBER HeroLoadoutData.skillTrait value=0
[DPS Meter][HEAL TRACE] OBJECT MEMBER HeroLoadoutData.skillMovement declaredType=System.Int32 valueType=System.Int32
[DPS Meter][HEAL TRACE] OBJECT MEMBER HeroLoadoutData.skillMovement value=0
[DPS Meter][HEAL TRACE] OBJECT MEMBER HeroLoadoutData.cDestruction declaredType=System.Collections.Generic.List`1[[LoadoutStarItem, Dew.Core, Version=0.0.0.0, Culture=neutral, PublicKeyToken=null]] valueType=System.Collections.Generic.List`1[[LoadoutStarItem, Dew.Core, Version=0.0.0.0, Culture=neutral, PublicKeyToken=null]]
[DPS Meter][HEAL TRACE] OBJECT MEMBER HeroLoadoutData.cDestruction item[0] type=LoadoutStarItem value=LoadoutStarItem
[DPS Meter][HEAL TRACE] OBJECT MEMBER HeroLoadoutData.cDestruction item[1] type=LoadoutStarItem value=LoadoutStarItem
[DPS Meter][HEAL TRACE] OBJECT MEMBER HeroLoadoutData.cDestruction item[2] type=LoadoutStarItem value=LoadoutStarItem
[DPS Meter][HEAL TRACE] OBJECT MEMBER HeroLoadoutData.cDestruction item[3] type=LoadoutStarItem value=LoadoutStarItem
[DPS Meter][HEAL TRACE] OBJECT MEMBER HeroLoadoutData.cDestruction item[4] type=LoadoutStarItem value=LoadoutStarItem
[DPS Meter][HEAL TRACE] OBJECT MEMBER HeroLoadoutData.cLife declaredType=System.Collections.Generic.List`1[[LoadoutStarItem, Dew.Core, Version=0.0.0.0, Culture=neutral, PublicKeyToken=null]] valueType=System.Collections.Generic.List`1[[LoadoutStarItem, Dew.Core, Version=0.0.0.0, Culture=neutral, PublicKeyToken=null]]
[DPS Meter][HEAL TRACE] OBJECT MEMBER HeroLoadoutData.cLife item[0] type=LoadoutStarItem value=LoadoutStarItem
[DPS Meter][HEAL TRACE] OBJECT MEMBER HeroLoadoutData.cLife item[1] type=LoadoutStarItem value=LoadoutStarItem
[DPS Meter][HEAL TRACE] OBJECT MEMBER HeroLoadoutData.cLife item[2] type=LoadoutStarItem value=LoadoutStarItem
[DPS Meter][HEAL TRACE] OBJECT MEMBER HeroLoadoutData.cImagination declaredType=System.Collections.Generic.List`1[[LoadoutStarItem, Dew.Core, Version=0.0.0.0, Culture=neutral, PublicKeyToken=null]] valueType=System.Collections.Generic.List`1[[LoadoutStarItem, Dew.Core, Version=0.0.0.0, Culture=neutral, PublicKeyToken=null]]
[DPS Meter][HEAL TRACE] OBJECT MEMBER HeroLoadoutData.cImagination item[0] type=LoadoutStarItem value=LoadoutStarItem
[DPS Meter][HEAL TRACE] OBJECT MEMBER HeroLoadoutData.cImagination item[1] type=LoadoutStarItem value=LoadoutStarItem
[DPS Meter][HEAL TRACE] OBJECT MEMBER HeroLoadoutData.cImagination item[2] type=LoadoutStarItem value=LoadoutStarItem
[DPS Meter][HEAL TRACE] OBJECT MEMBER HeroLoadoutData.cImagination item[3] type=LoadoutStarItem value=LoadoutStarItem
[DPS Meter][HEAL TRACE] OBJECT MEMBER HeroLoadoutData.cImagination item[4] type=LoadoutStarItem value=LoadoutStarItem
[DPS Meter][HEAL TRACE] OBJECT MEMBER HeroLoadoutData.cImagination item[5] type=LoadoutStarItem value=LoadoutStarItem
[DPS Meter][HEAL TRACE] OBJECT MEMBER HeroLoadoutData.cImagination item[6] type=LoadoutStarItem value=LoadoutStarItem
[DPS Meter][HEAL TRACE] OBJECT MEMBER HeroLoadoutData.cFlexible declaredType=System.Collections.Generic.List`1[[LoadoutStarItem, Dew.Core, Version=0.0.0.0, Culture=neutral, PublicKeyToken=null]] valueType=System.Collections.Generic.List`1[[LoadoutStarItem, Dew.Core, Version=0.0.0.0, Culture=neutral, PublicKeyToken=null]]
[DPS Meter][HEAL TRACE] OBJECT MEMBER HeroLoadoutData.cFlexible item[0] type=LoadoutStarItem value=LoadoutStarItem
[DPS Meter][HEAL TRACE] OBJECT MEMBER HeroLoadoutData.cFlexible item[1] type=LoadoutStarItem value=LoadoutStarItem
[DPS Meter][HEAL TRACE] OBJECT MEMBER HeroLoadoutData.cFlexible item[2] type=LoadoutStarItem value=LoadoutStarItem
Epic Manager: Category - LogHttp Message - 00000229AA203C10: invalid HTTP response code received. URL: https://api.epicgames.dev/sdk/v1/default?platformId=WIN, HTTP code: 0, content length: 0, actual payload size: 0
Epic Manager: Category - LogHttp Message - 00000229AA203C10: request failed, libcurl error: 7 (Couldn't connect to server)
Epic Manager: Category - LogHttp Message - 00000229AA203C10: libcurl info message cache 0 (Hostname api.epicgames.dev was found in DNS cache)
Epic Manager: Category - LogHttp Message - 00000229AA203C10: libcurl info message cache 1 (  Trying 104.18.124.108:443...)
Epic Manager: Category - LogHttp Message - 00000229AA203C10: libcurl info message cache 2 (Immediate connect fail for 104.18.124.108: Connection refused)
Epic Manager: Category - LogHttp Message - 00000229AA203C10: libcurl info message cache 3 (  Trying 104.18.125.108:443...)
Epic Manager: Category - LogHttp Message - 00000229AA203C10: libcurl info message cache 4 (Immediate connect fail for 104.18.125.108: Connection refused)
Epic Manager: Category - LogHttp Message - 00000229AA203C10: libcurl info message cache 5 (Failed to connect to api.epicgames.dev port 443 after 4 ms: Couldn't connect to server)
Epic Manager: Category - LogHttp Message - 00000229AA203C10: libcurl info message cache 6 (Closing connection)
Epic Manager: Category - LogHttp Message - Retry exhausted on https://api.epicgames.dev/sdk/v1/default?platformId=WIN
Epic Manager: Category - LogHttp Message - 00000229AA204D80: invalid HTTP response code received. URL: https://api.epicgames.dev/sdk/v1/default?platformId=WIN, HTTP code: 0, content length: 0, actual payload size: 0
Epic Manager: Category - LogHttp Message - 00000229AA204D80: request failed, libcurl error: 7 (Couldn't connect to server)
Epic Manager: Category - LogHttp Message - 00000229AA204D80: libcurl info message cache 0 (Hostname api.epicgames.dev was found in DNS cache)
Epic Manager: Category - LogHttp Message - 00000229AA204D80: libcurl info message cache 1 (  Trying 104.18.124.108:443...)
Epic Manager: Category - LogHttp Message - 00000229AA204D80: libcurl info message cache 2 (Immediate connect fail for 104.18.124.108: Connection refused)
Epic Manager: Category - LogHttp Message - 00000229AA204D80: libcurl info message cache 3 (  Trying 104.18.125.108:443...)
Epic Manager: Category - LogHttp Message - 00000229AA204D80: libcurl info message cache 4 (Immediate connect fail for 104.18.125.108: Connection refused)
Epic Manager: Category - LogHttp Message - 00000229AA204D80: libcurl info message cache 5 (Failed to connect to api.epicgames.dev port 443 after 4 ms: Couldn't connect to server)
Epic Manager: Category - LogHttp Message - 00000229AA204D80: libcurl info message cache 6 (Closing connection)
Epic Manager: Category - LogHttp Message - Retry exhausted on https://api.epicgames.dev/sdk/v1/default?platformId=WIN
Epic Manager: Category - LogHttp Message - 00000229AA2047B0: invalid HTTP response code received. URL: https://api.epicgames.dev/sdk/v1/default?platformId=WIN, HTTP code: 0, content length: 0, actual payload size: 0
Epic Manager: Category - LogHttp Message - 00000229AA2047B0: request failed, libcurl error: 7 (Couldn't connect to server)
Epic Manager: Category - LogHttp Message - 00000229AA2047B0: libcurl info message cache 0 (Hostname api.epicgames.dev was found in DNS cache)
Epic Manager: Category - LogHttp Message - 00000229AA2047B0: libcurl info message cache 1 (  Trying 104.18.124.108:443...)
Epic Manager: Category - LogHttp Message - 00000229AA2047B0: libcurl info message cache 2 (Immediate connect fail for 104.18.124.108: Connection refused)
Epic Manager: Category - LogHttp Message - 00000229AA2047B0: libcurl info message cache 3 (  Trying 104.18.125.108:443...)
Epic Manager: Category - LogHttp Message - 00000229AA2047B0: libcurl info message cache 4 (Immediate connect fail for 104.18.125.108: Connection refused)
Epic Manager: Category - LogHttp Message - 00000229AA2047B0: libcurl info message cache 5 (Failed to connect to api.epicgames.dev port 443 after 4 ms: Couldn't connect to server)
Epic Manager: Category - LogHttp Message - 00000229AA2047B0: libcurl info message cache 6 (Closing connection)
Epic Manager: Category - LogHttp Message - Retry exhausted on https://api.epicgames.dev/sdk/v1/default?platformId=WIN
Epic Manager: Category - LogHttp Message - 00000229AA2047B0: invalid HTTP response code received. URL: https://api.epicgames.dev/sdk/v1/default?platformId=WIN, HTTP code: 0, content length: 0, actual payload size: 0
Epic Manager: Category - LogHttp Message - 00000229AA2047B0: request failed, libcurl error: 7 (Couldn't connect to server)
Epic Manager: Category - LogHttp Message - 00000229AA2047B0: libcurl info message cache 0 (Hostname api.epicgames.dev was found in DNS cache)
Epic Manager: Category - LogHttp Message - 00000229AA2047B0: libcurl info message cache 1 (  Trying 104.18.124.108:443...)
Epic Manager: Category - LogHttp Message - 00000229AA2047B0: libcurl info message cache 2 (Immediate connect fail for 104.18.124.108: Connection refused)
Epic Manager: Category - LogHttp Message - 00000229AA2047B0: libcurl info message cache 3 (  Trying 104.18.125.108:443...)
Epic Manager: Category - LogHttp Message - 00000229AA2047B0: libcurl info message cache 4 (Immediate connect fail for 104.18.125.108: Connection refused)
Epic Manager: Category - LogHttp Message - 00000229AA2047B0: libcurl info message cache 5 (Failed to connect to api.epicgames.dev port 443 after 4 ms: Couldn't connect to server)
Epic Manager: Category - LogHttp Message - 00000229AA2047B0: libcurl info message cache 6 (Closing connection)
Epic Manager: Category - LogHttp Message - Retry exhausted on https://api.epicgames.dev/sdk/v1/default?platformId=WIN
Epic Manager: Category - LogHttp Message - 00000229AA203070: invalid HTTP response code received. URL: https://api.epicgames.dev/sdk/v1/default?platformId=WIN, HTTP code: 0, content length: 0, actual payload size: 0
Epic Manager: Category - LogHttp Message - 00000229AA203070: request failed, libcurl error: 7 (Couldn't connect to server)
Epic Manager: Category - LogHttp Message - 00000229AA203070: libcurl info message cache 0 (Hostname api.epicgames.dev was found in DNS cache)
Epic Manager: Category - LogHttp Message - 00000229AA203070: libcurl info message cache 1 (  Trying 104.18.124.108:443...)
Epic Manager: Category - LogHttp Message - 00000229AA203070: libcurl info message cache 2 (Immediate connect fail for 104.18.124.108: Connection refused)
Epic Manager: Category - LogHttp Message - 00000229AA203070: libcurl info message cache 3 (  Trying 104.18.125.108:443...)
Epic Manager: Category - LogHttp Message - 00000229AA203070: libcurl info message cache 4 (Immediate connect fail for 104.18.125.108: Connection refused)
Epic Manager: Category - LogHttp Message - 00000229AA203070: libcurl info message cache 5 (Failed to connect to api.epicgames.dev port 443 after 4 ms: Couldn't connect to server)
Epic Manager: Category - LogHttp Message - 00000229AA203070: libcurl info message cache 6 (Closing connection)
Epic Manager: Category - LogHttp Message - Retry exhausted on https://api.epicgames.dev/sdk/v1/default?platformId=WIN
Epic Manager: Category - LogHttp Message - 00000229AA203070: invalid HTTP response code received. URL: https://api.epicgames.dev/telemetry/data/datarouter/api/v1/public/data?SessionID=%7B9C58BC38-4AB0-D50E-77E4-51917568EDA8%7D&AppID=EOSSDK.PhaseRelease.ReleaseBuild&AppVersion=1.19.0.3-49960398%20-%20%2B%2BEOSSDK%2BRelease-1.19.0.3&UserID=&AppEnvironment=Production&UploadType=sdkevents, HTTP code: 0, content length: 0, actual payload size: 0
Epic Manager: Category - LogHttp Message - 00000229AA203070: request failed, libcurl error: 7 (Couldn't connect to server)
Epic Manager: Category - LogHttp Message - 00000229AA203070: libcurl info message cache 0 (Hostname api.epicgames.dev was found in DNS cache)
Epic Manager: Category - LogHttp Message - 00000229AA203070: libcurl info message cache 1 (  Trying 104.18.124.108:443...)
Epic Manager: Category - LogHttp Message - 00000229AA203070: libcurl info message cache 2 (Immediate connect fail for 104.18.124.108: Connection refused)
Epic Manager: Category - LogHttp Message - 00000229AA203070: libcurl info message cache 3 (  Trying 104.18.125.108:443...)
Epic Manager: Category - LogHttp Message - 00000229AA203070: libcurl info message cache 4 (Immediate connect fail for 104.18.125.108: Connection refused)
Epic Manager: Category - LogHttp Message - 00000229AA203070: libcurl info message cache 5 (Failed to connect to api.epicgames.dev port 443 after 4 ms: Couldn't connect to server)
Epic Manager: Category - LogHttp Message - 00000229AA203070: libcurl info message cache 6 (Closing connection)
Epic Manager: Category - LogHttp Message - Retry exhausted on https://api.epicgames.dev/telemetry/data/datarouter/api/v1/public/data?SessionID=%7B9C58BC38-4AB0-D50E-77E4-51917568EDA8%7D&AppID=EOSSDK.PhaseRelease.ReleaseBuild&AppVersion=1.19.0.3-49960398%20-%20%2B%2BEOSSDK%2BRelease-1.19.0.3&UserID=&AppEnvironment=Production&UploadType=sdkevents
Epic Manager: Category - LogHttp Message - 00000229AA2047B0: invalid HTTP response code received. URL: https://api.epicgames.dev/sdk/v1/default?platformId=WIN, HTTP code: 0, content length: 0, actual payload size: 0
Epic Manager: Category - LogHttp Message - 00000229AA2047B0: request failed, libcurl error: 7 (Couldn't connect to server)
Epic Manager: Category - LogHttp Message - 00000229AA2047B0: libcurl info message cache 0 (Hostname in DNS cache was stale, zapped)
Epic Manager: Category - LogHttp Message - 00000229AA2047B0: libcurl info message cache 1 (  Trying 104.18.124.108:443...)
Epic Manager: Category - LogHttp Message - 00000229AA2047B0: libcurl info message cache 2 (Immediate connect fail for 104.18.124.108: Connection refused)
Epic Manager: Category - LogHttp Message - 00000229AA2047B0: libcurl info message cache 3 (  Trying 104.18.125.108:443...)
Epic Manager: Category - LogHttp Message - 00000229AA2047B0: libcurl info message cache 4 (Immediate connect fail for 104.18.125.108: Connection refused)
Epic Manager: Category - LogHttp Message - 00000229AA2047B0: libcurl info message cache 5 (Failed to connect to api.epicgames.dev port 443 after 9 ms: Couldn't connect to server)
Epic Manager: Category - LogHttp Message - 00000229AA2047B0: libcurl info message cache 6 (Closing connection)
Epic Manager: Category - LogHttp Message - Retry exhausted on https://api.epicgames.dev/sdk/v1/default?platformId=WIN
Epic Manager: Category - LogHttp Message - 00000229AA203070: invalid HTTP response code received. URL: https://api.epicgames.dev/sdk/v1/default?platformId=WIN, HTTP code: 0, content length: 0, actual payload size: 0
Epic Manager: Category - LogHttp Message - 00000229AA203070: request failed, libcurl error: 7 (Couldn't connect to server)
Epic Manager: Category - LogHttp Message - 00000229AA203070: libcurl info message cache 0 (Hostname api.epicgames.dev was found in DNS cache)
Epic Manager: Category - LogHttp Message - 00000229AA203070: libcurl info message cache 1 (  Trying 104.18.124.108:443...)
Epic Manager: Category - LogHttp Message - 00000229AA203070: libcurl info message cache 2 (Immediate connect fail for 104.18.124.108: Connection refused)
Epic Manager: Category - LogHttp Message - 00000229AA203070: libcurl info message cache 3 (  Trying 104.18.125.108:443...)
Epic Manager: Category - LogHttp Message - 00000229AA203070: libcurl info message cache 4 (Immediate connect fail for 104.18.125.108: Connection refused)
Epic Manager: Category - LogHttp Message - 00000229AA203070: libcurl info message cache 5 (Failed to connect to api.epicgames.dev port 443 after 4 ms: Couldn't connect to server)
Epic Manager: Category - LogHttp Message - 00000229AA203070: libcurl info message cache 6 (Closing connection)
Epic Manager: Category - LogHttp Message - Retry exhausted on https://api.epicgames.dev/sdk/v1/default?platformId=WIN
Epic Manager: Category - LogHttp Message - 00000229AA203070: invalid HTTP response code received. URL: https://api.epicgames.dev/sdk/v1/default?platformId=WIN, HTTP code: 0, content length: 0, actual payload size: 0
Epic Manager: Category - LogHttp Message - 00000229AA203070: request failed, libcurl error: 7 (Couldn't connect to server)
Epic Manager: Category - LogHttp Message - 00000229AA203070: libcurl info message cache 0 (Hostname api.epicgames.dev was found in DNS cache)
Epic Manager: Category - LogHttp Message - 00000229AA203070: libcurl info message cache 1 (  Trying 104.18.124.108:443...)
Epic Manager: Category - LogHttp Message - 00000229AA203070: libcurl info message cache 2 (Immediate connect fail for 104.18.124.108: Connection refused)
Epic Manager: Category - LogHttp Message - 00000229AA203070: libcurl info message cache 3 (  Trying 104.18.125.108:443...)
Epic Manager: Category - LogHttp Message - 00000229AA203070: libcurl info message cache 4 (Immediate connect fail for 104.18.125.108: Connection refused)
Epic Manager: Category - LogHttp Message - 00000229AA203070: libcurl info message cache 5 (Failed to connect to api.epicgames.dev port 443 after 4 ms: Couldn't connect to server)
Epic Manager: Category - LogHttp Message - 00000229AA203070: libcurl info message cache 6 (Closing connection)
Epic Manager: Category - LogHttp Message - Retry exhausted on https://api.epicgames.dev/sdk/v1/default?platformId=WIN
Curl error 7: getsockname() failed with errno 10022: Invalid arguments
Epic Manager: Category - LogHttp Message - 00000229AA203070: invalid HTTP response code received. URL: https://api.epicgames.dev/sdk/v1/default?platformId=WIN, HTTP code: 0, content length: 0, actual payload size: 0
Epic Manager: Category - LogHttp Message - 00000229AA203070: request failed, libcurl error: 7 (Couldn't connect to server)
Epic Manager: Category - LogHttp Message - 00000229AA203070: libcurl info message cache 0 (Hostname api.epicgames.dev was found in DNS cache)
Epic Manager: Category - LogHttp Message - 00000229AA203070: libcurl info message cache 1 (  Trying 104.18.124.108:443...)
Epic Manager: Category - LogHttp Message - 00000229AA203070: libcurl info message cache 2 (Immediate connect fail for 104.18.124.108: Connection refused)
Epic Manager: Category - LogHttp Message - 00000229AA203070: libcurl info message cache 3 (  Trying 104.18.125.108:443...)
Epic Manager: Category - LogHttp Message - 00000229AA203070: libcurl info message cache 4 (Immediate connect fail for 104.18.125.108: Connection refused)
Epic Manager: Category - LogHttp Message - 00000229AA203070: libcurl info message cache 5 (Failed to connect to api.epicgames.dev port 443 after 4 ms: Couldn't connect to server)
Epic Manager: Category - LogHttp Message - 00000229AA203070: libcurl info message cache 6 (Closing connection)
Epic Manager: Category - LogHttp Message - Retry exhausted on https://api.epicgames.dev/sdk/v1/default?platformId=WIN
Epic Manager: Category - LogHttp Message - 00000229AA204D80: invalid HTTP response code received. URL: https://api.epicgames.dev/sdk/v1/default?platformId=WIN, HTTP code: 0, content length: 0, actual payload size: 0
Epic Manager: Category - LogHttp Message - 00000229AA204D80: request failed, libcurl error: 7 (Couldn't connect to server)
Epic Manager: Category - LogHttp Message - 00000229AA204D80: libcurl info message cache 0 (Hostname api.epicgames.dev was found in DNS cache)
Epic Manager: Category - LogHttp Message - 00000229AA204D80: libcurl info message cache 1 (  Trying 104.18.124.108:443...)
Epic Manager: Category - LogHttp Message - 00000229AA204D80: libcurl info message cache 2 (Immediate connect fail for 104.18.124.108: Connection refused)
Epic Manager: Category - LogHttp Message - 00000229AA204D80: libcurl info message cache 3 (  Trying 104.18.125.108:443...)
Epic Manager: Category - LogHttp Message - 00000229AA204D80: libcurl info message cache 4 (Immediate connect fail for 104.18.125.108: Connection refused)
Epic Manager: Category - LogHttp Message - 00000229AA204D80: libcurl info message cache 5 (Failed to connect to api.epicgames.dev port 443 after 4 ms: Couldn't connect to server)
Epic Manager: Category - LogHttp Message - 00000229AA204D80: libcurl info message cache 6 (Closing connection)
Epic Manager: Category - LogHttp Message - Retry exhausted on https://api.epicgames.dev/sdk/v1/default?platformId=WIN
Epic Manager: Category - LogHttp Message - 00000229AA203070: invalid HTTP response code received. URL: https://api.epicgames.dev/sdk/v1/default?platformId=WIN, HTTP code: 0, content length: 0, actual payload size: 0
Epic Manager: Category - LogHttp Message - 00000229AA203070: request failed, libcurl error: 7 (Couldn't connect to server)
Epic Manager: Category - LogHttp Message - 00000229AA203070: libcurl info message cache 0 (Hostname api.epicgames.dev was found in DNS cache)
Epic Manager: Category - LogHttp Message - 00000229AA203070: libcurl info message cache 1 (  Trying 104.18.124.108:443...)
Epic Manager: Category - LogHttp Message - 00000229AA203070: libcurl info message cache 2 (Immediate connect fail for 104.18.124.108: Connection refused)
Epic Manager: Category - LogHttp Message - 00000229AA203070: libcurl info message cache 3 (  Trying 104.18.125.108:443...)
Epic Manager: Category - LogHttp Message - 00000229AA203070: libcurl info message cache 4 (Immediate connect fail for 104.18.125.108: Connection refused)
Epic Manager: Category - LogHttp Message - 00000229AA203070: libcurl info message cache 5 (Failed to connect to api.epicgames.dev port 443 after 4 ms: Couldn't connect to server)
Epic Manager: Category - LogHttp Message - 00000229AA203070: libcurl info message cache 6 (Closing connection)
Epic Manager: Category - LogHttp Message - Retry exhausted on https://api.epicgames.dev/sdk/v1/default?platformId=WIN
Epic Manager: Category - LogHttp Message - 00000229AA203C10: invalid HTTP response code received. URL: https://api.epicgames.dev/sdk/v1/default?platformId=WIN, HTTP code: 0, content length: 0, actual payload size: 0
Epic Manager: Category - LogHttp Message - 00000229AA203C10: request failed, libcurl error: 7 (Couldn't connect to server)
Epic Manager: Category - LogHttp Message - 00000229AA203C10: libcurl info message cache 0 (Hostname api.epicgames.dev was found in DNS cache)
Epic Manager: Category - LogHttp Message - 00000229AA203C10: libcurl info message cache 1 (  Trying 104.18.124.108:443...)
Epic Manager: Category - LogHttp Message - 00000229AA203C10: libcurl info message cache 2 (Immediate connect fail for 104.18.124.108: Connection refused)
Epic Manager: Category - LogHttp Message - 00000229AA203C10: libcurl info message cache 3 (  Trying 104.18.125.108:443...)
Epic Manager: Category - LogHttp Message - 00000229AA203C10: libcurl info message cache 4 (Immediate connect fail for 104.18.125.108: Connection refused)
Epic Manager: Category - LogHttp Message - 00000229AA203C10: libcurl info message cache 5 (Failed to connect to api.epicgames.dev port 443 after 5 ms: Couldn't connect to server)
Epic Manager: Category - LogHttp Message - 00000229AA203C10: libcurl info message cache 6 (Closing connection)
Epic Manager: Category - LogHttp Message - Retry exhausted on https://api.epicgames.dev/sdk/v1/default?platformId=WIN
Epic Manager: Category - LogHttp Message - 00000229AA203070: invalid HTTP response code received. URL: https://api.epicgames.dev/sdk/v1/default?platformId=WIN, HTTP code: 0, content length: 0, actual payload size: 0
Epic Manager: Category - LogHttp Message - 00000229AA203070: request failed, libcurl error: 7 (Couldn't connect to server)
Epic Manager: Category - LogHttp Message - 00000229AA203070: libcurl info message cache 0 (Hostname api.epicgames.dev was found in DNS cache)
Epic Manager: Category - LogHttp Message - 00000229AA203070: libcurl info message cache 1 (  Trying 104.18.124.108:443...)
Epic Manager: Category - LogHttp Message - 00000229AA203070: libcurl info message cache 2 (Immediate connect fail for 104.18.124.108: Connection refused)
Epic Manager: Category - LogHttp Message - 00000229AA203070: libcurl info message cache 3 (  Trying 104.18.125.108:443...)
Epic Manager: Category - LogHttp Message - 00000229AA203070: libcurl info message cache 4 (Immediate connect fail for 104.18.125.108: Connection refused)
Epic Manager: Category - LogHttp Message - 00000229AA203070: libcurl info message cache 5 (Failed to connect to api.epicgames.dev port 443 after 4 ms: Couldn't connect to server)
Epic Manager: Category - LogHttp Message - 00000229AA203070: libcurl info message cache 6 (Closing connection)
Epic Manager: Category - LogHttp Message - Retry exhausted on https://api.epicgames.dev/sdk/v1/default?platformId=WIN
Epic Manager: Category - LogHttp Message - 00000229AA203070: invalid HTTP response code received. URL: https://api.epicgames.dev/sdk/v1/default?platformId=WIN, HTTP code: 0, content length: 0, actual payload size: 0
Epic Manager: Category - LogHttp Message - 00000229AA203070: request failed, libcurl error: 7 (Couldn't connect to server)
Epic Manager: Category - LogHttp Message - 00000229AA203070: libcurl info message cache 0 (Hostname api.epicgames.dev was found in DNS cache)
Epic Manager: Category - LogHttp Message - 00000229AA203070: libcurl info message cache 1 (  Trying 104.18.124.108:443...)
Epic Manager: Category - LogHttp Message - 00000229AA203070: libcurl info message cache 2 (Immediate connect fail for 104.18.124.108: Connection refused)
Epic Manager: Category - LogHttp Message - 00000229AA203070: libcurl info message cache 3 (  Trying 104.18.125.108:443...)
Epic Manager: Category - LogHttp Message - 00000229AA203070: libcurl info message cache 4 (Immediate connect fail for 104.18.125.108: Connection refused)
Epic Manager: Category - LogHttp Message - 00000229AA203070: libcurl info message cache 5 (Failed to connect to api.epicgames.dev port 443 after 4 ms: Couldn't connect to server)
Epic Manager: Category - LogHttp Message - 00000229AA203070: libcurl info message cache 6 (Closing connection)
Epic Manager: Category - LogHttp Message - Retry exhausted on https://api.epicgames.dev/sdk/v1/default?platformId=WIN
Epic Manager: Category - LogHttp Message - 00000229AA203070: invalid HTTP response code received. URL: https://api.epicgames.dev/telemetry/data/datarouter/api/v1/public/data?SessionID=%7B9C58BC38-4AB0-D50E-77E4-51917568EDA8%7D&AppID=EOSSDK.PhaseRelease.ReleaseBuild&AppVersion=1.19.0.3-49960398%20-%20%2B%2BEOSSDK%2BRelease-1.19.0.3&UserID=&AppEnvironment=Production&UploadType=sdkevents, HTTP code: 0, content length: 0, actual payload size: 0
Epic Manager: Category - LogHttp Message - 00000229AA203070: request failed, libcurl error: 7 (Couldn't connect to server)
Epic Manager: Category - LogHttp Message - 00000229AA203070: libcurl info message cache 0 (Hostname api.epicgames.dev was found in DNS cache)
Epic Manager: Category - LogHttp Message - 00000229AA203070: libcurl info message cache 1 (  Trying 104.18.124.108:443...)
Epic Manager: Category - LogHttp Message - 00000229AA203070: libcurl info message cache 2 (Immediate connect fail for 104.18.124.108: Connection refused)
Epic Manager: Category - LogHttp Message - 00000229AA203070: libcurl info message cache 3 (  Trying 104.18.125.108:443...)
Epic Manager: Category - LogHttp Message - 00000229AA203070: libcurl info message cache 4 (Immediate connect fail for 104.18.125.108: Connection refused)
Epic Manager: Category - LogHttp Message - 00000229AA203070: libcurl info message cache 5 (Failed to connect to api.epicgames.dev port 443 after 4 ms: Couldn't connect to server)
Epic Manager: Category - LogHttp Message - 00000229AA203070: libcurl info message cache 6 (Closing connection)
Epic Manager: Category - LogHttp Message - Retry exhausted on https://api.epicgames.dev/telemetry/data/datarouter/api/v1/public/data?SessionID=%7B9C58BC38-4AB0-D50E-77E4-51917568EDA8%7D&AppID=EOSSDK.PhaseRelease.ReleaseBuild&AppVersion=1.19.0.3-49960398%20-%20%2B%2BEOSSDK%2BRelease-1.19.0.3&UserID=&AppEnvironment=Production&UploadType=sdkevents
Epic Manager: Category - LogHttp Message - 00000229AA203C10: invalid HTTP response code received. URL: https://api.epicgames.dev/sdk/v1/default?platformId=WIN, HTTP code: 0, content length: 0, actual payload size: 0
Epic Manager: Category - LogHttp Message - 00000229AA203C10: request failed, libcurl error: 7 (Couldn't connect to server)
Epic Manager: Category - LogHttp Message - 00000229AA203C10: libcurl info message cache 0 (Hostname in DNS cache was stale, zapped)
Epic Manager: Category - LogHttp Message - 00000229AA203C10: libcurl info message cache 1 (  Trying 104.18.125.108:443...)
Epic Manager: Category - LogHttp Message - 00000229AA203C10: libcurl info message cache 2 (Immediate connect fail for 104.18.125.108: Connection refused)
Epic Manager: Category - LogHttp Message - 00000229AA203C10: libcurl info message cache 3 (  Trying 104.18.124.108:443...)
Epic Manager: Category - LogHttp Message - 00000229AA203C10: libcurl info message cache 4 (Immediate connect fail for 104.18.124.108: Connection refused)
Epic Manager: Category - LogHttp Message - 00000229AA203C10: libcurl info message cache 5 (Failed to connect to api.epicgames.dev port 443 after 13 ms: Couldn't connect to server)
Epic Manager: Category - LogHttp Message - 00000229AA203C10: libcurl info message cache 6 (Closing connection)
Epic Manager: Category - LogHttp Message - Retry exhausted on https://api.epicgames.dev/sdk/v1/default?platformId=WIN
Epic Manager: Category - LogHttp Message - 00000229AA203070: invalid HTTP response code received. URL: https://api.epicgames.dev/sdk/v1/default?platformId=WIN, HTTP code: 0, content length: 0, actual payload size: 0
Epic Manager: Category - LogHttp Message - 00000229AA203070: request failed, libcurl error: 7 (Couldn't connect to server)
Epic Manager: Category - LogHttp Message - 00000229AA203070: libcurl info message cache 0 (Hostname api.epicgames.dev was found in DNS cache)
Epic Manager: Category - LogHttp Message - 00000229AA203070: libcurl info message cache 1 (  Trying 104.18.125.108:443...)
Epic Manager: Category - LogHttp Message - 00000229AA203070: libcurl info message cache 2 (Immediate connect fail for 104.18.125.108: Connection refused)
Epic Manager: Category - LogHttp Message - 00000229AA203070: libcurl info message cache 3 (  Trying 104.18.124.108:443...)
Epic Manager: Category - LogHttp Message - 00000229AA203070: libcurl info message cache 4 (Immediate connect fail for 104.18.124.108: Connection refused)
Epic Manager: Category - LogHttp Message - 00000229AA203070: libcurl info message cache 5 (Failed to connect to api.epicgames.dev port 443 after 4 ms: Couldn't connect to server)
Epic Manager: Category - LogHttp Message - 00000229AA203070: libcurl info message cache 6 (Closing connection)
Epic Manager: Category - LogHttp Message - Retry exhausted on https://api.epicgames.dev/sdk/v1/default?platformId=WIN
Epic Manager: Category - LogHttp Message - 00000229AA203070: invalid HTTP response code received. URL: https://api.epicgames.dev/sdk/v1/default?platformId=WIN, HTTP code: 0, content length: 0, actual payload size: 0
Epic Manager: Category - LogHttp Message - 00000229AA203070: request failed, libcurl error: 7 (Couldn't connect to server)
Epic Manager: Category - LogHttp Message - 00000229AA203070: libcurl info message cache 0 (Hostname api.epicgames.dev was found in DNS cache)
Epic Manager: Category - LogHttp Message - 00000229AA203070: libcurl info message cache 1 (  Trying 104.18.125.108:443...)
Epic Manager: Category - LogHttp Message - 00000229AA203070: libcurl info message cache 2 (Immediate connect fail for 104.18.125.108: Connection refused)
Epic Manager: Category - LogHttp Message - 00000229AA203070: libcurl info message cache 3 (  Trying 104.18.124.108:443...)
Epic Manager: Category - LogHttp Message - 00000229AA203070: libcurl info message cache 4 (Immediate connect fail for 104.18.124.108: Connection refused)
Epic Manager: Category - LogHttp Message - 00000229AA203070: libcurl info message cache 5 (Failed to connect to api.epicgames.dev port 443 after 4 ms: Couldn't connect to server)
Epic Manager: Category - LogHttp Message - 00000229AA203070: libcurl info message cache 6 (Closing connection)
Epic Manager: Category - LogHttp Message - Retry exhausted on https://api.epicgames.dev/sdk/v1/default?platformId=WIN
Epic Manager: Category - LogHttp Message - 00000229AA203070: invalid HTTP response code received. URL: https://api.epicgames.dev/sdk/v1/default?platformId=WIN, HTTP code: 0, content length: 0, actual payload size: 0
Epic Manager: Category - LogHttp Message - 00000229AA203070: request failed, libcurl error: 7 (Couldn't connect to server)
Epic Manager: Category - LogHttp Message - 00000229AA203070: libcurl info message cache 0 (Hostname api.epicgames.dev was found in DNS cache)
Epic Manager: Category - LogHttp Message - 00000229AA203070: libcurl info message cache 1 (  Trying 104.18.125.108:443...)
Epic Manager: Category - LogHttp Message - 00000229AA203070: libcurl info message cache 2 (Immediate connect fail for 104.18.125.108: Connection refused)
Epic Manager: Category - LogHttp Message - 00000229AA203070: libcurl info message cache 3 (  Trying 104.18.124.108:443...)
Epic Manager: Category - LogHttp Message - 00000229AA203070: libcurl info message cache 4 (Immediate connect fail for 104.18.124.108: Connection refused)
Epic Manager: Category - LogHttp Message - 00000229AA203070: libcurl info message cache 5 (Failed to connect to api.epicgames.dev port 443 after 4 ms: Couldn't connect to server)
Epic Manager: Category - LogHttp Message - 00000229AA203070: libcurl info message cache 6 (Closing connection)
Epic Manager: Category - LogHttp Message - Retry exhausted on https://api.epicgames.dev/sdk/v1/default?platformId=WIN
Epic Manager: Category - LogHttp Message - 00000229AA203070: invalid HTTP response code received. URL: https://api.epicgames.dev/sdk/v1/default?platformId=WIN, HTTP code: 0, content length: 0, actual payload size: 0
Epic Manager: Category - LogHttp Message - 00000229AA203070: request failed, libcurl error: 7 (Couldn't connect to server)
Epic Manager: Category - LogHttp Message - 00000229AA203070: libcurl info message cache 0 (Hostname api.epicgames.dev was found in DNS cache)
Epic Manager: Category - LogHttp Message - 00000229AA203070: libcurl info message cache 1 (  Trying 104.18.125.108:443...)
Epic Manager: Category - LogHttp Message - 00000229AA203070: libcurl info message cache 2 (Immediate connect fail for 104.18.125.108: Connection refused)
Epic Manager: Category - LogHttp Message - 00000229AA203070: libcurl info message cache 3 (  Trying 104.18.124.108:443...)
Epic Manager: Category - LogHttp Message - 00000229AA203070: libcurl info message cache 4 (Immediate connect fail for 104.18.124.108: Connection refused)
Epic Manager: Category - LogHttp Message - 00000229AA203070: libcurl info message cache 5 (Failed to connect to api.epicgames.dev port 443 after 4 ms: Couldn't connect to server)
Epic Manager: Category - LogHttp Message - 00000229AA203070: libcurl info message cache 6 (Closing connection)
Epic Manager: Category - LogHttp Message - Retry exhausted on https://api.epicgames.dev/sdk/v1/default?platformId=WIN
Epic Manager: Category - LogHttp Message - 00000229AA203070: invalid HTTP response code received. URL: https://api.epicgames.dev/sdk/v1/default?platformId=WIN, HTTP code: 0, content length: 0, actual payload size: 0
Epic Manager: Category - LogHttp Message - 00000229AA203070: request failed, libcurl error: 7 (Couldn't connect to server)
Epic Manager: Category - LogHttp Message - 00000229AA203070: libcurl info message cache 0 (Hostname api.epicgames.dev was found in DNS cache)
Epic Manager: Category - LogHttp Message - 00000229AA203070: libcurl info message cache 1 (  Trying 104.18.125.108:443...)
Epic Manager: Category - LogHttp Message - 00000229AA203070: libcurl info message cache 2 (Immediate connect fail for 104.18.125.108: Connection refused)
Epic Manager: Category - LogHttp Message - 00000229AA203070: libcurl info message cache 3 (  Trying 104.18.124.108:443...)
Epic Manager: Category - LogHttp Message - 00000229AA203070: libcurl info message cache 4 (Immediate connect fail for 104.18.124.108: Connection refused)
Epic Manager: Category - LogHttp Message - 00000229AA203070: libcurl info message cache 5 (Failed to connect to api.epicgames.dev port 443 after 4 ms: Couldn't connect to server)
Epic Manager: Category - LogHttp Message - 00000229AA203070: libcurl info message cache 6 (Closing connection)
Epic Manager: Category - LogHttp Message - Retry exhausted on https://api.epicgames.dev/sdk/v1/default?platformId=WIN
Epic Manager: Category - LogHttp Message - 00000229AA203070: invalid HTTP response code received. URL: https://api.epicgames.dev/sdk/v1/default?platformId=WIN, HTTP code: 0, content length: 0, actual payload size: 0
Epic Manager: Category - LogHttp Message - 00000229AA203070: request failed, libcurl error: 7 (Couldn't connect to server)
Epic Manager: Category - LogHttp Message - 00000229AA203070: libcurl info message cache 0 (Hostname api.epicgames.dev was found in DNS cache)
Epic Manager: Category - LogHttp Message - 00000229AA203070: libcurl info message cache 1 (  Trying 104.18.125.108:443...)
Epic Manager: Category - LogHttp Message - 00000229AA203070: libcurl info message cache 2 (Immediate connect fail for 104.18.125.108: Connection refused)
Epic Manager: Category - LogHttp Message - 00000229AA203070: libcurl info message cache 3 (  Trying 104.18.124.108:443...)
Epic Manager: Category - LogHttp Message - 00000229AA203070: libcurl info message cache 4 (Immediate connect fail for 104.18.124.108: Connection refused)
Epic Manager: Category - LogHttp Message - 00000229AA203070: libcurl info message cache 5 (Failed to connect to api.epicgames.dev port 443 after 4 ms: Couldn't connect to server)
Epic Manager: Category - LogHttp Message - 00000229AA203070: libcurl info message cache 6 (Closing connection)
Epic Manager: Category - LogHttp Message - Retry exhausted on https://api.epicgames.dev/sdk/v1/default?platformId=WIN
Epic Manager: Category - LogHttp Message - 00000229AA2047B0: invalid HTTP response code received. URL: https://api.epicgames.dev/sdk/v1/default?platformId=WIN, HTTP code: 0, content length: 0, actual payload size: 0
Epic Manager: Category - LogHttp Message - 00000229AA2047B0: request failed, libcurl error: 7 (Couldn't connect to server)
Epic Manager: Category - LogHttp Message - 00000229AA2047B0: libcurl info message cache 0 (Hostname api.epicgames.dev was found in DNS cache)
Epic Manager: Category - LogHttp Message - 00000229AA2047B0: libcurl info message cache 1 (  Trying 104.18.125.108:443...)
Epic Manager: Category - LogHttp Message - 00000229AA2047B0: libcurl info message cache 2 (Immediate connect fail for 104.18.125.108: Connection refused)
Epic Manager: Category - LogHttp Message - 00000229AA2047B0: libcurl info message cache 3 (  Trying 104.18.124.108:443...)
Epic Manager: Category - LogHttp Message - 00000229AA2047B0: libcurl info message cache 4 (Immediate connect fail for 104.18.124.108: Connection refused)
Epic Manager: Category - LogHttp Message - 00000229AA2047B0: libcurl info message cache 5 (Failed to connect to api.epicgames.dev port 443 after 4 ms: Couldn't connect to server)
Epic Manager: Category - LogHttp Message - 00000229AA2047B0: libcurl info message cache 6 (Closing connection)
Epic Manager: Category - LogHttp Message - Retry exhausted on https://api.epicgames.dev/sdk/v1/default?platformId=WIN
Epic Manager: Category - LogHttp Message - 00000229AA2047B0: invalid HTTP response code received. URL: https://api.epicgames.dev/telemetry/data/datarouter/api/v1/public/data?SessionID=%7B9C58BC38-4AB0-D50E-77E4-51917568EDA8%7D&AppID=EOSSDK.PhaseRelease.ReleaseBuild&AppVersion=1.19.0.3-49960398%20-%20%2B%2BEOSSDK%2BRelease-1.19.0.3&UserID=&AppEnvironment=Production&UploadType=sdkevents, HTTP code: 0, content length: 0, actual payload size: 0
Epic Manager: Category - LogHttp Message - 00000229AA2047B0: request failed, libcurl error: 7 (Couldn't connect to server)
Epic Manager: Category - LogHttp Message - 00000229AA2047B0: libcurl info message cache 0 (Hostname api.epicgames.dev was found in DNS cache)
Epic Manager: Category - LogHttp Message - 00000229AA2047B0: libcurl info message cache 1 (  Trying 104.18.125.108:443...)
Epic Manager: Category - LogHttp Message - 00000229AA2047B0: libcurl info message cache 2 (Immediate connect fail for 104.18.125.108: Connection refused)
Epic Manager: Category - LogHttp Message - 00000229AA2047B0: libcurl info message cache 3 (  Trying 104.18.124.108:443...)
Epic Manager: Category - LogHttp Message - 00000229AA2047B0: libcurl info message cache 4 (Immediate connect fail for 104.18.124.108: Connection refused)
Epic Manager: Category - LogHttp Message - 00000229AA2047B0: libcurl info message cache 5 (Failed to connect to api.epicgames.dev port 443 after 4 ms: Couldn't connect to server)
Epic Manager: Category - LogHttp Message - 00000229AA2047B0: libcurl info message cache 6 (Closing connection)
Epic Manager: Category - LogHttp Message - Retry exhausted on https://api.epicgames.dev/telemetry/data/datarouter/api/v1/public/data?SessionID=%7B9C58BC38-4AB0-D50E-77E4-51917568EDA8%7D&AppID=EOSSDK.PhaseRelease.ReleaseBuild&AppVersion=1.19.0.3-49960398%20-%20%2B%2BEOSSDK%2BRelease-1.19.0.3&UserID=&AppEnvironment=Production&UploadType=sdkevents
Epic Manager: Category - LogHttp Message - 00000229AA203070: invalid HTTP response code received. URL: https://api.epicgames.dev/sdk/v1/default?platformId=WIN, HTTP code: 0, content length: 0, actual payload size: 0
Epic Manager: Category - LogHttp Message - 00000229AA203070: request failed, libcurl error: 7 (Couldn't connect to server)
Epic Manager: Category - LogHttp Message - 00000229AA203070: libcurl info message cache 0 (Hostname api.epicgames.dev was found in DNS cache)
Epic Manager: Category - LogHttp Message - 00000229AA203070: libcurl info message cache 1 (  Trying 104.18.125.108:443...)
Epic Manager: Category - LogHttp Message - 00000229AA203070: libcurl info message cache 2 (Immediate connect fail for 104.18.125.108: Connection refused)
Epic Manager: Category - LogHttp Message - 00000229AA203070: libcurl info message cache 3 (  Trying 104.18.124.108:443...)
Epic Manager: Category - LogHttp Message - 00000229AA203070: libcurl info message cache 4 (Immediate connect fail for 104.18.124.108: Connection refused)
Epic Manager: Category - LogHttp Message - 00000229AA203070: libcurl info message cache 5 (Failed to connect to api.epicgames.dev port 443 after 4 ms: Couldn't connect to server)
Epic Manager: Category - LogHttp Message - 00000229AA203070: libcurl info message cache 6 (Closing connection)
Epic Manager: Category - LogHttp Message - Retry exhausted on https://api.epicgames.dev/sdk/v1/default?platformId=WIN
Epic Manager: Category - LogHttp Message - 00000229AA203070: invalid HTTP response code received. URL: https://api.epicgames.dev/sdk/v1/default?platformId=WIN, HTTP code: 0, content length: 0, actual payload size: 0
Epic Manager: Category - LogHttp Message - 00000229AA203070: request failed, libcurl error: 7 (Couldn't connect to server)
Epic Manager: Category - LogHttp Message - 00000229AA203070: libcurl info message cache 0 (Hostname in DNS cache was stale, zapped)
Epic Manager: Category - LogHttp Message - 00000229AA203070: libcurl info message cache 1 (  Trying 104.18.124.108:443...)
Epic Manager: Category - LogHttp Message - 00000229AA203070: libcurl info message cache 2 (Immediate connect fail for 104.18.124.108: Connection refused)
Epic Manager: Category - LogHttp Message - 00000229AA203070: libcurl info message cache 3 (  Trying 104.18.125.108:443...)
Epic Manager: Category - LogHttp Message - 00000229AA203070: libcurl info message cache 4 (Immediate connect fail for 104.18.125.108: Connection refused)
Epic Manager: Category - LogHttp Message - 00000229AA203070: libcurl info message cache 5 (Failed to connect to api.epicgames.dev port 443 after 8 ms: Couldn't connect to server)
Epic Manager: Category - LogHttp Message - 00000229AA203070: libcurl info message cache 6 (Closing connection)
Epic Manager: Category - LogHttp Message - Retry exhausted on https://api.epicgames.dev/sdk/v1/default?platformId=WIN
Curl error 7: getsockname() failed with errno 10022: Invalid arguments
Epic Manager: Category - LogHttp Message - 00000229AA203070: invalid HTTP response code received. URL: https://api.epicgames.dev/sdk/v1/default?platformId=WIN, HTTP code: 0, content length: 0, actual payload size: 0
Epic Manager: Category - LogHttp Message - 00000229AA203070: request failed, libcurl error: 7 (Couldn't connect to server)
Epic Manager: Category - LogHttp Message - 00000229AA203070: libcurl info message cache 0 (Hostname api.epicgames.dev was found in DNS cache)
Epic Manager: Category - LogHttp Message - 00000229AA203070: libcurl info message cache 1 (  Trying 104.18.124.108:443...)
Epic Manager: Category - LogHttp Message - 00000229AA203070: libcurl info message cache 2 (Immediate connect fail for 104.18.124.108: Connection refused)
Epic Manager: Category - LogHttp Message - 00000229AA203070: libcurl info message cache 3 (  Trying 104.18.125.108:443...)
Epic Manager: Category - LogHttp Message - 00000229AA203070: libcurl info message cache 4 (Immediate connect fail for 104.18.125.108: Connection refused)
Epic Manager: Category - LogHttp Message - 00000229AA203070: libcurl info message cache 5 (Failed to connect to api.epicgames.dev port 443 after 4 ms: Couldn't connect to server)
Epic Manager: Category - LogHttp Message - 00000229AA203070: libcurl info message cache 6 (Closing connection)
Epic Manager: Category - LogHttp Message - Retry exhausted on https://api.epicgames.dev/sdk/v1/default?platformId=WIN
Epic Manager: Category - LogHttp Message - 00000229AA203070: invalid HTTP response code received. URL: https://api.epicgames.dev/sdk/v1/default?platformId=WIN, HTTP code: 0, content length: 0, actual payload size: 0
Epic Manager: Category - LogHttp Message - 00000229AA203070: request failed, libcurl error: 7 (Couldn't connect to server)
Epic Manager: Category - LogHttp Message - 00000229AA203070: libcurl info message cache 0 (Hostname api.epicgames.dev was found in DNS cache)
Epic Manager: Category - LogHttp Message - 00000229AA203070: libcurl info message cache 1 (  Trying 104.18.124.108:443...)
Epic Manager: Category - LogHttp Message - 00000229AA203070: libcurl info message cache 2 (Immediate connect fail for 104.18.124.108: Connection refused)
Epic Manager: Category - LogHttp Message - 00000229AA203070: libcurl info message cache 3 (  Trying 104.18.125.108:443...)
Epic Manager: Category - LogHttp Message - 00000229AA203070: libcurl info message cache 4 (Immediate connect fail for 104.18.125.108: Connection refused)
Epic Manager: Category - LogHttp Message - 00000229AA203070: libcurl info message cache 5 (Failed to connect to api.epicgames.dev port 443 after 4 ms: Couldn't connect to server)
Epic Manager: Category - LogHttp Message - 00000229AA203070: libcurl info message cache 6 (Closing connection)
Epic Manager: Category - LogHttp Message - Retry exhausted on https://api.epicgames.dev/sdk/v1/default?platformId=WIN
Epic Manager: Category - LogHttp Message - 00000229AA203070: invalid HTTP response code received. URL: https://api.epicgames.dev/sdk/v1/default?platformId=WIN, HTTP code: 0, content length: 0, actual payload size: 0
Epic Manager: Category - LogHttp Message - 00000229AA203070: request failed, libcurl error: 7 (Couldn't connect to server)
Epic Manager: Category - LogHttp Message - 00000229AA203070: libcurl info message cache 0 (Hostname api.epicgames.dev was found in DNS cache)
Epic Manager: Category - LogHttp Message - 00000229AA203070: libcurl info message cache 1 (  Trying 104.18.124.108:443...)
Epic Manager: Category - LogHttp Message - 00000229AA203070: libcurl info message cache 2 (Immediate connect fail for 104.18.124.108: Connection refused)
Epic Manager: Category - LogHttp Message - 00000229AA203070: libcurl info message cache 3 (  Trying 104.18.125.108:443...)
Epic Manager: Category - LogHttp Message - 00000229AA203070: libcurl info message cache 4 (Immediate connect fail for 104.18.125.108: Connection refused)
Epic Manager: Category - LogHttp Message - 00000229AA203070: libcurl info message cache 5 (Failed to connect to api.epicgames.dev port 443 after 4 ms: Couldn't connect to server)
Epic Manager: Category - LogHttp Message - 00000229AA203070: libcurl info message cache 6 (Closing connection)
Epic Manager: Category - LogHttp Message - Retry exhausted on https://api.epicgames.dev/sdk/v1/default?platformId=WIN
Epic Manager: Category - LogHttp Message - 00000229AA203070: invalid HTTP response code received. URL: https://api.epicgames.dev/sdk/v1/default?platformId=WIN, HTTP code: 0, content length: 0, actual payload size: 0
Epic Manager: Category - LogHttp Message - 00000229AA203070: request failed, libcurl error: 7 (Couldn't connect to server)
Epic Manager: Category - LogHttp Message - 00000229AA203070: libcurl info message cache 0 (Hostname api.epicgames.dev was found in DNS cache)
Epic Manager: Category - LogHttp Message - 00000229AA203070: libcurl info message cache 1 (  Trying 104.18.124.108:443...)
Epic Manager: Category - LogHttp Message - 00000229AA203070: libcurl info message cache 2 (Immediate connect fail for 104.18.124.108: Connection refused)
Epic Manager: Category - LogHttp Message - 00000229AA203070: libcurl info message cache 3 (  Trying 104.18.125.108:443...)
Epic Manager: Category - LogHttp Message - 00000229AA203070: libcurl info message cache 4 (Immediate connect fail for 104.18.125.108: Connection refused)
Epic Manager: Category - LogHttp Message - 00000229AA203070: libcurl info message cache 5 (Failed to connect to api.epicgames.dev port 443 after 5 ms: Couldn't connect to server)
Epic Manager: Category - LogHttp Message - 00000229AA203070: libcurl info message cache 6 (Closing connection)
Epic Manager: Category - LogHttp Message - Retry exhausted on https://api.epicgames.dev/sdk/v1/default?platformId=WIN
Epic Manager: Category - LogHttp Message - 00000229AA203C10: invalid HTTP response code received. URL: https://api.epicgames.dev/sdk/v1/default?platformId=WIN, HTTP code: 0, content length: 0, actual payload size: 0
Epic Manager: Category - LogHttp Message - 00000229AA203C10: request failed, libcurl error: 7 (Couldn't connect to server)
Epic Manager: Category - LogHttp Message - 00000229AA203C10: libcurl info message cache 0 (Hostname api.epicgames.dev was found in DNS cache)
Epic Manager: Category - LogHttp Message - 00000229AA203C10: libcurl info message cache 1 (  Trying 104.18.124.108:443...)
Epic Manager: Category - LogHttp Message - 00000229AA203C10: libcurl info message cache 2 (Immediate connect fail for 104.18.124.108: Connection refused)
Epic Manager: Category - LogHttp Message - 00000229AA203C10: libcurl info message cache 3 (  Trying 104.18.125.108:443...)
Epic Manager: Category - LogHttp Message - 00000229AA203C10: libcurl info message cache 4 (Immediate connect fail for 104.18.125.108: Connection refused)
Epic Manager: Category - LogHttp Message - 00000229AA203C10: libcurl info message cache 5 (Failed to connect to api.epicgames.dev port 443 after 4 ms: Couldn't connect to server)
Epic Manager: Category - LogHttp Message - 00000229AA203C10: libcurl info message cache 6 (Closing connection)
Epic Manager: Category - LogHttp Message - Retry exhausted on https://api.epicgames.dev/sdk/v1/default?platformId=WIN
Epic Manager: Category - LogHttp Message - 00000229AA2047B0: invalid HTTP response code received. URL: https://api.epicgames.dev/sdk/v1/default?platformId=WIN, HTTP code: 0, content length: 0, actual payload size: 0
Epic Manager: Category - LogHttp Message - 00000229AA2047B0: request failed, libcurl error: 7 (Couldn't connect to server)
Epic Manager: Category - LogHttp Message - 00000229AA2047B0: libcurl info message cache 0 (Hostname api.epicgames.dev was found in DNS cache)
Epic Manager: Category - LogHttp Message - 00000229AA2047B0: libcurl info message cache 1 (  Trying 104.18.124.108:443...)
Epic Manager: Category - LogHttp Message - 00000229AA2047B0: libcurl info message cache 2 (Immediate connect fail for 104.18.124.108: Connection refused)
Epic Manager: Category - LogHttp Message - 00000229AA2047B0: libcurl info message cache 3 (  Trying 104.18.125.108:443...)
Epic Manager: Category - LogHttp Message - 00000229AA2047B0: libcurl info message cache 4 (Immediate connect fail for 104.18.125.108: Connection refused)
Epic Manager: Category - LogHttp Message - 00000229AA2047B0: libcurl info message cache 5 (Failed to connect to api.epicgames.dev port 443 after 4 ms: Couldn't connect to server)
Epic Manager: Category - LogHttp Message - 00000229AA2047B0: libcurl info message cache 6 (Closing connection)
Epic Manager: Category - LogHttp Message - Retry exhausted on https://api.epicgames.dev/sdk/v1/default?platformId=WIN
Epic Manager: Category - LogHttp Message - 00000229AA203070: invalid HTTP response code received. URL: https://api.epicgames.dev/telemetry/data/datarouter/api/v1/public/data?SessionID=%7B9C58BC38-4AB0-D50E-77E4-51917568EDA8%7D&AppID=EOSSDK.PhaseRelease.ReleaseBuild&AppVersion=1.19.0.3-49960398%20-%20%2B%2BEOSSDK%2BRelease-1.19.0.3&UserID=&AppEnvironment=Production&UploadType=sdkevents, HTTP code: 0, content length: 0, actual payload size: 0
Epic Manager: Category - LogHttp Message - 00000229AA203070: request failed, libcurl error: 7 (Couldn't connect to server)
Epic Manager: Category - LogHttp Message - 00000229AA203070: libcurl info message cache 0 (Hostname api.epicgames.dev was found in DNS cache)
Epic Manager: Category - LogHttp Message - 00000229AA203070: libcurl info message cache 1 (  Trying 104.18.124.108:443...)
Epic Manager: Category - LogHttp Message - 00000229AA203070: libcurl info message cache 2 (Immediate connect fail for 104.18.124.108: Connection refused)
Epic Manager: Category - LogHttp Message - 00000229AA203070: libcurl info message cache 3 (  Trying 104.18.125.108:443...)
Epic Manager: Category - LogHttp Message - 00000229AA203070: libcurl info message cache 4 (Immediate connect fail for 104.18.125.108: Connection refused)
Epic Manager: Category - LogHttp Message - 00000229AA203070: libcurl info message cache 5 (Failed to connect to api.epicgames.dev port 443 after 4 ms: Couldn't connect to server)
Epic Manager: Category - LogHttp Message - 00000229AA203070: libcurl info message cache 6 (Closing connection)
Epic Manager: Category - LogHttp Message - Retry exhausted on https://api.epicgames.dev/telemetry/data/datarouter/api/v1/public/data?SessionID=%7B9C58BC38-4AB0-D50E-77E4-51917568EDA8%7D&AppID=EOSSDK.PhaseRelease.ReleaseBuild&AppVersion=1.19.0.3-49960398%20-%20%2B%2BEOSSDK%2BRelease-1.19.0.3&UserID=&AppEnvironment=Production&UploadType=sdkevents
Epic Manager: Category - LogHttp Message - 00000229AA203070: invalid HTTP response code received. URL: https://api.epicgames.dev/sdk/v1/default?platformId=WIN, HTTP code: 0, content length: 0, actual payload size: 0
Epic Manager: Category - LogHttp Message - 00000229AA203070: request failed, libcurl error: 7 (Couldn't connect to server)
Epic Manager: Category - LogHttp Message - 00000229AA203070: libcurl info message cache 0 (Hostname api.epicgames.dev was found in DNS cache)
Epic Manager: Category - LogHttp Message - 00000229AA203070: libcurl info message cache 1 (  Trying 104.18.124.108:443...)
Epic Manager: Category - LogHttp Message - 00000229AA203070: libcurl info message cache 2 (Immediate connect fail for 104.18.124.108: Connection refused)
Epic Manager: Category - LogHttp Message - 00000229AA203070: libcurl info message cache 3 (  Trying 104.18.125.108:443...)
Epic Manager: Category - LogHttp Message - 00000229AA203070: libcurl info message cache 4 (Immediate connect fail for 104.18.125.108: Connection refused)
Epic Manager: Category - LogHttp Message - 00000229AA203070: libcurl info message cache 5 (Failed to connect to api.epicgames.dev port 443 after 4 ms: Couldn't connect to server)
Epic Manager: Category - LogHttp Message - 00000229AA203070: libcurl info message cache 6 (Closing connection)
Epic Manager: Category - LogHttp Message - Retry exhausted on https://api.epicgames.dev/sdk/v1/default?platformId=WIN
Epic Manager: Category - LogHttp Message - 00000229AA203070: invalid HTTP response code received. URL: https://api.epicgames.dev/sdk/v1/default?platformId=WIN, HTTP code: 0, content length: 0, actual payload size: 0
Epic Manager: Category - LogHttp Message - 00000229AA203070: request failed, libcurl error: 7 (Couldn't connect to server)
Epic Manager: Category - LogHttp Message - 00000229AA203070: libcurl info message cache 0 (Hostname api.epicgames.dev was found in DNS cache)
Epic Manager: Category - LogHttp Message - 00000229AA203070: libcurl info message cache 1 (  Trying 104.18.124.108:443...)
Epic Manager: Category - LogHttp Message - 00000229AA203070: libcurl info message cache 2 (Immediate connect fail for 104.18.124.108: Connection refused)
Epic Manager: Category - LogHttp Message - 00000229AA203070: libcurl info message cache 3 (  Trying 104.18.125.108:443...)
Epic Manager: Category - LogHttp Message - 00000229AA203070: libcurl info message cache 4 (Immediate connect fail for 104.18.125.108: Connection refused)
Epic Manager: Category - LogHttp Message - 00000229AA203070: libcurl info message cache 5 (Failed to connect to api.epicgames.dev port 443 after 4 ms: Couldn't connect to server)
Epic Manager: Category - LogHttp Message - 00000229AA203070: libcurl info message cache 6 (Closing connection)
Epic Manager: Category - LogHttp Message - Retry exhausted on https://api.epicgames.dev/sdk/v1/default?platformId=WIN
Epic Manager: Category - LogHttp Message - 00000229AA203070: invalid HTTP response code received. URL: https://api.epicgames.dev/sdk/v1/default?platformId=WIN, HTTP code: 0, content length: 0, actual payload size: 0
Epic Manager: Category - LogHttp Message - 00000229AA203070: request failed, libcurl error: 7 (Couldn't connect to server)
Epic Manager: Category - LogHttp Message - 00000229AA203070: libcurl info message cache 0 (Hostname in DNS cache was stale, zapped)
Epic Manager: Category - LogHttp Message - 00000229AA203070: libcurl info message cache 1 (  Trying 104.18.124.108:443...)
Epic Manager: Category - LogHttp Message - 00000229AA203070: libcurl info message cache 2 (Immediate connect fail for 104.18.124.108: Connection refused)
Epic Manager: Category - LogHttp Message - 00000229AA203070: libcurl info message cache 3 (  Trying 104.18.125.108:443...)
Epic Manager: Category - LogHttp Message - 00000229AA203070: libcurl info message cache 4 (Immediate connect fail for 104.18.125.108: Connection refused)
Epic Manager: Category - LogHttp Message - 00000229AA203070: libcurl info message cache 5 (Failed to connect to api.epicgames.dev port 443 after 8 ms: Couldn't connect to server)
Epic Manager: Category - LogHttp Message - 00000229AA203070: libcurl info message cache 6 (Closing connection)
Epic Manager: Category - LogHttp Message - Retry exhausted on https://api.epicgames.dev/sdk/v1/default?platformId=WIN
Epic Manager: Category - LogHttp Message - 00000229AA203070: invalid HTTP response code received. URL: https://api.epicgames.dev/sdk/v1/default?platformId=WIN, HTTP code: 0, content length: 0, actual payload size: 0
Epic Manager: Category - LogHttp Message - 00000229AA203070: request failed, libcurl error: 7 (Couldn't connect to server)
Epic Manager: Category - LogHttp Message - 00000229AA203070: libcurl info message cache 0 (Hostname api.epicgames.dev was found in DNS cache)
Epic Manager: Category - LogHttp Message - 00000229AA203070: libcurl info message cache 1 (  Trying 104.18.124.108:443...)
Epic Manager: Category - LogHttp Message - 00000229AA203070: libcurl info message cache 2 (Immediate connect fail for 104.18.124.108: Connection refused)
Epic Manager: Category - LogHttp Message - 00000229AA203070: libcurl info message cache 3 (  Trying 104.18.125.108:443...)
Epic Manager: Category - LogHttp Message - 00000229AA203070: libcurl info message cache 4 (Immediate connect fail for 104.18.125.108: Connection refused)
Epic Manager: Category - LogHttp Message - 00000229AA203070: libcurl info message cache 5 (Failed to connect to api.epicgames.dev port 443 after 4 ms: Couldn't connect to server)
Epic Manager: Category - LogHttp Message - 00000229AA203070: libcurl info message cache 6 (Closing connection)
Epic Manager: Category - LogHttp Message - Retry exhausted on https://api.epicgames.dev/sdk/v1/default?platformId=WIN
Epic Manager: Category - LogHttp Message - 00000229AA203070: invalid HTTP response code received. URL: https://api.epicgames.dev/sdk/v1/default?platformId=WIN, HTTP code: 0, content length: 0, actual payload size: 0
Epic Manager: Category - LogHttp Message - 00000229AA203070: request failed, libcurl error: 7 (Couldn't connect to server)
Epic Manager: Category - LogHttp Message - 00000229AA203070: libcurl info message cache 0 (Hostname api.epicgames.dev was found in DNS cache)
Epic Manager: Category - LogHttp Message - 00000229AA203070: libcurl info message cache 1 (  Trying 104.18.124.108:443...)
Epic Manager: Category - LogHttp Message - 00000229AA203070: libcurl info message cache 2 (Immediate connect fail for 104.18.124.108: Connection refused)
Epic Manager: Category - LogHttp Message - 00000229AA203070: libcurl info message cache 3 (  Trying 104.18.125.108:443...)
Epic Manager: Category - LogHttp Message - 00000229AA203070: libcurl info message cache 4 (Immediate connect fail for 104.18.125.108: Connection refused)
Epic Manager: Category - LogHttp Message - 00000229AA203070: libcurl info message cache 5 (Failed to connect to api.epicgames.dev port 443 after 4 ms: Couldn't connect to server)
Epic Manager: Category - LogHttp Message - 00000229AA203070: libcurl info message cache 6 (Closing connection)
Epic Manager: Category - LogHttp Message - Retry exhausted on https://api.epicgames.dev/sdk/v1/default?platformId=WIN
Epic Manager: Category - LogHttp Message - 00000229AA203C10: invalid HTTP response code received. URL: https://api.epicgames.dev/sdk/v1/default?platformId=WIN, HTTP code: 0, content length: 0, actual payload size: 0
Epic Manager: Category - LogHttp Message - 00000229AA203C10: request failed, libcurl error: 7 (Couldn't connect to server)
Epic Manager: Category - LogHttp Message - 00000229AA203C10: libcurl info message cache 0 (Hostname api.epicgames.dev was found in DNS cache)
Epic Manager: Category - LogHttp Message - 00000229AA203C10: libcurl info message cache 1 (  Trying 104.18.124.108:443...)
Epic Manager: Category - LogHttp Message - 00000229AA203C10: libcurl info message cache 2 (Immediate connect fail for 104.18.124.108: Connection refused)
Epic Manager: Category - LogHttp Message - 00000229AA203C10: libcurl info message cache 3 (  Trying 104.18.125.108:443...)
Epic Manager: Category - LogHttp Message - 00000229AA203C10: libcurl info message cache 4 (Immediate connect fail for 104.18.125.108: Connection refused)
Epic Manager: Category - LogHttp Message - 00000229AA203C10: libcurl info message cache 5 (Failed to connect to api.epicgames.dev port 443 after 4 ms: Couldn't connect to server)
Epic Manager: Category - LogHttp Message - 00000229AA203C10: libcurl info message cache 6 (Closing connection)
Epic Manager: Category - LogHttp Message - Retry exhausted on https://api.epicgames.dev/sdk/v1/default?platformId=WIN
Epic Manager: Category - LogHttp Message - 00000229AA203070: invalid HTTP response code received. URL: https://api.epicgames.dev/sdk/v1/default?platformId=WIN, HTTP code: 0, content length: 0, actual payload size: 0
Epic Manager: Category - LogHttp Message - 00000229AA203070: request failed, libcurl error: 7 (Couldn't connect to server)
Epic Manager: Category - LogHttp Message - 00000229AA203070: libcurl info message cache 0 (Hostname api.epicgames.dev was found in DNS cache)
Epic Manager: Category - LogHttp Message - 00000229AA203070: libcurl info message cache 1 (  Trying 104.18.124.108:443...)
Epic Manager: Category - LogHttp Message - 00000229AA203070: libcurl info message cache 2 (Immediate connect fail for 104.18.124.108: Connection refused)
Epic Manager: Category - LogHttp Message - 00000229AA203070: libcurl info message cache 3 (  Trying 104.18.125.108:443...)
Epic Manager: Category - LogHttp Message - 00000229AA203070: libcurl info message cache 4 (Immediate connect fail for 104.18.125.108: Connection refused)
Epic Manager: Category - LogHttp Message - 00000229AA203070: libcurl info message cache 5 (Failed to connect to api.epicgames.dev port 443 after 4 ms: Couldn't connect to server)
Epic Manager: Category - LogHttp Message - 00000229AA203070: libcurl info message cache 6 (Closing connection)
Epic Manager: Category - LogHttp Message - Retry exhausted on https://api.epicgames.dev/sdk/v1/default?platformId=WIN
Epic Manager: Category - LogHttp Message - 00000229AA203070: invalid HTTP response code received. URL: https://api.epicgames.dev/sdk/v1/default?platformId=WIN, HTTP code: 0, content length: 0, actual payload size: 0
Epic Manager: Category - LogHttp Message - 00000229AA203070: request failed, libcurl error: 7 (Couldn't connect to server)
Epic Manager: Category - LogHttp Message - 00000229AA203070: libcurl info message cache 0 (Hostname api.epicgames.dev was found in DNS cache)
Epic Manager: Category - LogHttp Message - 00000229AA203070: libcurl info message cache 1 (  Trying 104.18.124.108:443...)
Epic Manager: Category - LogHttp Message - 00000229AA203070: libcurl info message cache 2 (Immediate connect fail for 104.18.124.108: Connection refused)
Epic Manager: Category - LogHttp Message - 00000229AA203070: libcurl info message cache 3 (  Trying 104.18.125.108:443...)
Epic Manager: Category - LogHttp Message - 00000229AA203070: libcurl info message cache 4 (Immediate connect fail for 104.18.125.108: Connection refused)
Epic Manager: Category - LogHttp Message - 00000229AA203070: libcurl info message cache 5 (Failed to connect to api.epicgames.dev port 443 after 4 ms: Couldn't connect to server)
Epic Manager: Category - LogHttp Message - 00000229AA203070: libcurl info message cache 6 (Closing connection)
Epic Manager: Category - LogHttp Message - Retry exhausted on https://api.epicgames.dev/sdk/v1/default?platformId=WIN
Epic Manager: Category - LogHttp Message - 00000229AA2047B0: invalid HTTP response code received. URL: https://api.epicgames.dev/telemetry/data/datarouter/api/v1/public/data?SessionID=%7B9C58BC38-4AB0-D50E-77E4-51917568EDA8%7D&AppID=EOSSDK.PhaseRelease.ReleaseBuild&AppVersion=1.19.0.3-49960398%20-%20%2B%2BEOSSDK%2BRelease-1.19.0.3&UserID=&AppEnvironment=Production&UploadType=sdkevents, HTTP code: 0, content length: 0, actual payload size: 0
Epic Manager: Category - LogHttp Message - 00000229AA2047B0: request failed, libcurl error: 7 (Couldn't connect to server)
Epic Manager: Category - LogHttp Message - 00000229AA2047B0: libcurl info message cache 0 (Hostname api.epicgames.dev was found in DNS cache)
Epic Manager: Category - LogHttp Message - 00000229AA2047B0: libcurl info message cache 1 (  Trying 104.18.124.108:443...)
Epic Manager: Category - LogHttp Message - 00000229AA2047B0: libcurl info message cache 2 (Immediate connect fail for 104.18.124.108: Connection refused)
Epic Manager: Category - LogHttp Message - 00000229AA2047B0: libcurl info message cache 3 (  Trying 104.18.125.108:443...)
Epic Manager: Category - LogHttp Message - 00000229AA2047B0: libcurl info message cache 4 (Immediate connect fail for 104.18.125.108: Connection refused)
Epic Manager: Category - LogHttp Message - 00000229AA2047B0: libcurl info message cache 5 (Failed to connect to api.epicgames.dev port 443 after 4 ms: Couldn't connect to server)
Epic Manager: Category - LogHttp Message - 00000229AA2047B0: libcurl info message cache 6 (Closing connection)
Epic Manager: Category - LogHttp Message - Retry exhausted on https://api.epicgames.dev/telemetry/data/datarouter/api/v1/public/data?SessionID=%7B9C58BC38-4AB0-D50E-77E4-51917568EDA8%7D&AppID=EOSSDK.PhaseRelease.ReleaseBuild&AppVersion=1.19.0.3-49960398%20-%20%2B%2BEOSSDK%2BRelease-1.19.0.3&UserID=&AppEnvironment=Production&UploadType=sdkevents
Epic Manager: Category - LogHttp Message - 00000229AA2047B0: invalid HTTP response code received. URL: https://api.epicgames.dev/sdk/v1/default?platformId=WIN, HTTP code: 0, content length: 0, actual payload size: 0
Epic Manager: Category - LogHttp Message - 00000229AA2047B0: request failed, libcurl error: 7 (Couldn't connect to server)
Epic Manager: Category - LogHttp Message - 00000229AA2047B0: libcurl info message cache 0 (Hostname api.epicgames.dev was found in DNS cache)
Epic Manager: Category - LogHttp Message - 00000229AA2047B0: libcurl info message cache 1 (  Trying 104.18.124.108:443...)
Epic Manager: Category - LogHttp Message - 00000229AA2047B0: libcurl info message cache 2 (Immediate connect fail for 104.18.124.108: Connection refused)
Epic Manager: Category - LogHttp Message - 00000229AA2047B0: libcurl info message cache 3 (  Trying 104.18.125.108:443...)
Epic Manager: Category - LogHttp Message - 00000229AA2047B0: libcurl info message cache 4 (Immediate connect fail for 104.18.125.108: Connection refused)
Epic Manager: Category - LogHttp Message - 00000229AA2047B0: libcurl info message cache 5 (Failed to connect to api.epicgames.dev port 443 after 4 ms: Couldn't connect to server)
Epic Manager: Category - LogHttp Message - 00000229AA2047B0: libcurl info message cache 6 (Closing connection)
Epic Manager: Category - LogHttp Message - Retry exhausted on https://api.epicgames.dev/sdk/v1/default?platformId=WIN
Epic Manager: Category - LogHttp Message - 00000229AA203C10: invalid HTTP response code received. URL: https://api.epicgames.dev/sdk/v1/default?platformId=WIN, HTTP code: 0, content length: 0, actual payload size: 0
Epic Manager: Category - LogHttp Message - 00000229AA203C10: request failed, libcurl error: 7 (Couldn't connect to server)
Epic Manager: Category - LogHttp Message - 00000229AA203C10: libcurl info message cache 0 (Hostname api.epicgames.dev was found in DNS cache)
Epic Manager: Category - LogHttp Message - 00000229AA203C10: libcurl info message cache 1 (  Trying 104.18.124.108:443...)
Epic Manager: Category - LogHttp Message - 00000229AA203C10: libcurl info message cache 2 (Immediate connect fail for 104.18.124.108: Connection refused)
Epic Manager: Category - LogHttp Message - 00000229AA203C10: libcurl info message cache 3 (  Trying 104.18.125.108:443...)
Epic Manager: Category - LogHttp Message - 00000229AA203C10: libcurl info message cache 4 (Immediate connect fail for 104.18.125.108: Connection refused)
Epic Manager: Category - LogHttp Message - 00000229AA203C10: libcurl info message cache 5 (Failed to connect to api.epicgames.dev port 443 after 4 ms: Couldn't connect to server)
Epic Manager: Category - LogHttp Message - 00000229AA203C10: libcurl info message cache 6 (Closing connection)
Epic Manager: Category - LogHttp Message - Retry exhausted on https://api.epicgames.dev/sdk/v1/default?platformId=WIN
Epic Manager: Category - LogHttp Message - 00000229AA203C10: invalid HTTP response code received. URL: https://api.epicgames.dev/sdk/v1/default?platformId=WIN, HTTP code: 0, content length: 0, actual payload size: 0
Epic Manager: Category - LogHttp Message - 00000229AA203C10: request failed, libcurl error: 7 (Couldn't connect to server)
Epic Manager: Category - LogHttp Message - 00000229AA203C10: libcurl info message cache 0 (Hostname api.epicgames.dev was found in DNS cache)
Epic Manager: Category - LogHttp Message - 00000229AA203C10: libcurl info message cache 1 (  Trying 104.18.124.108:443...)
Epic Manager: Category - LogHttp Message - 00000229AA203C10: libcurl info message cache 2 (Immediate connect fail for 104.18.124.108: Connection refused)
Epic Manager: Category - LogHttp Message - 00000229AA203C10: libcurl info message cache 3 (  Trying 104.18.125.108:443...)
Epic Manager: Category - LogHttp Message - 00000229AA203C10: libcurl info message cache 4 (Immediate connect fail for 104.18.125.108: Connection refused)
Epic Manager: Category - LogHttp Message - 00000229AA203C10: libcurl info message cache 5 (Failed to connect to api.epicgames.dev port 443 after 4 ms: Couldn't connect to server)
Epic Manager: Category - LogHttp Message - 00000229AA203C10: libcurl info message cache 6 (Closing connection)
Epic Manager: Category - LogHttp Message - Retry exhausted on https://api.epicgames.dev/sdk/v1/default?platformId=WIN
Epic Manager: Category - LogHttp Message - 00000229AA203070: invalid HTTP response code received. URL: https://api.epicgames.dev/sdk/v1/default?platformId=WIN, HTTP code: 0, content length: 0, actual payload size: 0
Epic Manager: Category - LogHttp Message - 00000229AA203070: request failed, libcurl error: 7 (Couldn't connect to server)
Epic Manager: Category - LogHttp Message - 00000229AA203070: libcurl info message cache 0 (Hostname in DNS cache was stale, zapped)
Epic Manager: Category - LogHttp Message - 00000229AA203070: libcurl info message cache 1 (  Trying 104.18.124.108:443...)
Epic Manager: Category - LogHttp Message - 00000229AA203070: libcurl info message cache 2 (Immediate connect fail for 104.18.124.108: Connection refused)
Epic Manager: Category - LogHttp Message - 00000229AA203070: libcurl info message cache 3 (  Trying 104.18.125.108:443...)
Epic Manager: Category - LogHttp Message - 00000229AA203070: libcurl info message cache 4 (Immediate connect fail for 104.18.125.108: Connection refused)
Epic Manager: Category - LogHttp Message - 00000229AA203070: libcurl info message cache 5 (Failed to connect to api.epicgames.dev port 443 after 9 ms: Couldn't connect to server)
Epic Manager: Category - LogHttp Message - 00000229AA203070: libcurl info message cache 6 (Closing connection)
Epic Manager: Category - LogHttp Message - Retry exhausted on https://api.epicgames.dev/sdk/v1/default?platformId=WIN
Epic Manager: Category - LogHttp Message - 00000229AA2047B0: invalid HTTP response code received. URL: https://api.epicgames.dev/sdk/v1/default?platformId=WIN, HTTP code: 0, content length: 0, actual payload size: 0
Epic Manager: Category - LogHttp Message - 00000229AA2047B0: request failed, libcurl error: 7 (Couldn't connect to server)
Epic Manager: Category - LogHttp Message - 00000229AA2047B0: libcurl info message cache 0 (Hostname api.epicgames.dev was found in DNS cache)
Epic Manager: Category - LogHttp Message - 00000229AA2047B0: libcurl info message cache 1 (  Trying 104.18.124.108:443...)
Epic Manager: Category - LogHttp Message - 00000229AA2047B0: libcurl info message cache 2 (Immediate connect fail for 104.18.124.108: Connection refused)
Epic Manager: Category - LogHttp Message - 00000229AA2047B0: libcurl info message cache 3 (  Trying 104.18.125.108:443...)
Epic Manager: Category - LogHttp Message - 00000229AA2047B0: libcurl info message cache 4 (Immediate connect fail for 104.18.125.108: Connection refused)
Epic Manager: Category - LogHttp Message - 00000229AA2047B0: libcurl info message cache 5 (Failed to connect to api.epicgames.dev port 443 after 4 ms: Couldn't connect to server)
Epic Manager: Category - LogHttp Message - 00000229AA2047B0: libcurl info message cache 6 (Closing connection)
Epic Manager: Category - LogHttp Message - Retry exhausted on https://api.epicgames.dev/sdk/v1/default?platformId=WIN
Epic Manager: Category - LogHttp Message - 00000229AA203070: invalid HTTP response code received. URL: https://api.epicgames.dev/sdk/v1/default?platformId=WIN, HTTP code: 0, content length: 0, actual payload size: 0
Epic Manager: Category - LogHttp Message - 00000229AA203070: request failed, libcurl error: 7 (Couldn't connect to server)
Epic Manager: Category - LogHttp Message - 00000229AA203070: libcurl info message cache 0 (Hostname api.epicgames.dev was found in DNS cache)
Epic Manager: Category - LogHttp Message - 00000229AA203070: libcurl info message cache 1 (  Trying 104.18.124.108:443...)
Epic Manager: Category - LogHttp Message - 00000229AA203070: libcurl info message cache 2 (Immediate connect fail for 104.18.124.108: Connection refused)
Epic Manager: Category - LogHttp Message - 00000229AA203070: libcurl info message cache 3 (  Trying 104.18.125.108:443...)
Epic Manager: Category - LogHttp Message - 00000229AA203070: libcurl info message cache 4 (Immediate connect fail for 104.18.125.108: Connection refused)
Epic Manager: Category - LogHttp Message - 00000229AA203070: libcurl info message cache 5 (Failed to connect to api.epicgames.dev port 443 after 4 ms: Couldn't connect to server)
Epic Manager: Category - LogHttp Message - 00000229AA203070: libcurl info message cache 6 (Closing connection)
Epic Manager: Category - LogHttp Message - Retry exhausted on https://api.epicgames.dev/sdk/v1/default?platformId=WIN
Epic Manager: Category - LogHttp Message - 00000229AA203070: invalid HTTP response code received. URL: https://api.epicgames.dev/sdk/v1/default?platformId=WIN, HTTP code: 0, content length: 0, actual payload size: 0
Epic Manager: Category - LogHttp Message - 00000229AA203070: request failed, libcurl error: 7 (Couldn't connect to server)
Epic Manager: Category - LogHttp Message - 00000229AA203070: libcurl info message cache 0 (Hostname api.epicgames.dev was found in DNS cache)
Epic Manager: Category - LogHttp Message - 00000229AA203070: libcurl info message cache 1 (  Trying 104.18.124.108:443...)
Epic Manager: Category - LogHttp Message - 00000229AA203070: libcurl info message cache 2 (Immediate connect fail for 104.18.124.108: Connection refused)
Epic Manager: Category - LogHttp Message - 00000229AA203070: libcurl info message cache 3 (  Trying 104.18.125.108:443...)
Epic Manager: Category - LogHttp Message - 00000229AA203070: libcurl info message cache 4 (Immediate connect fail for 104.18.125.108: Connection refused)
Epic Manager: Category - LogHttp Message - 00000229AA203070: libcurl info message cache 5 (Failed to connect to api.epicgames.dev port 443 after 4 ms: Couldn't connect to server)
Epic Manager: Category - LogHttp Message - 00000229AA203070: libcurl info message cache 6 (Closing connection)
Epic Manager: Category - LogHttp Message - Retry exhausted on https://api.epicgames.dev/sdk/v1/default?platformId=WIN
Epic Manager: Category - LogHttp Message - 00000229AA203070: invalid HTTP response code received. URL: https://api.epicgames.dev/sdk/v1/default?platformId=WIN, HTTP code: 0, content length: 0, actual payload size: 0
Epic Manager: Category - LogHttp Message - 00000229AA203070: request failed, libcurl error: 7 (Couldn't connect to server)
Epic Manager: Category - LogHttp Message - 00000229AA203070: libcurl info message cache 0 (Hostname api.epicgames.dev was found in DNS cache)
Epic Manager: Category - LogHttp Message - 00000229AA203070: libcurl info message cache 1 (  Trying 104.18.124.108:443...)
Epic Manager: Category - LogHttp Message - 00000229AA203070: libcurl info message cache 2 (Immediate connect fail for 104.18.124.108: Connection refused)
Epic Manager: Category - LogHttp Message - 00000229AA203070: libcurl info message cache 3 (  Trying 104.18.125.108:443...)
Epic Manager: Category - LogHttp Message - 00000229AA203070: libcurl info message cache 4 (Immediate connect fail for 104.18.125.108: Connection refused)
Epic Manager: Category - LogHttp Message - 00000229AA203070: libcurl info message cache 5 (Failed to connect to api.epicgames.dev port 443 after 4 ms: Couldn't connect to server)
Epic Manager: Category - LogHttp Message - 00000229AA203070: libcurl info message cache 6 (Closing connection)
Epic Manager: Category - LogHttp Message - Retry exhausted on https://api.epicgames.dev/sdk/v1/default?platformId=WIN
Epic Manager: Category - LogHttp Message - 00000229AA203C10: invalid HTTP response code received. URL: https://api.epicgames.dev/sdk/v1/default?platformId=WIN, HTTP code: 0, content length: 0, actual payload size: 0
Epic Manager: Category - LogHttp Message - 00000229AA203C10: request failed, libcurl error: 7 (Couldn't connect to server)
Epic Manager: Category - LogHttp Message - 00000229AA203C10: libcurl info message cache 0 (Hostname api.epicgames.dev was found in DNS cache)
Epic Manager: Category - LogHttp Message - 00000229AA203C10: libcurl info message cache 1 (  Trying 104.18.124.108:443...)
Epic Manager: Category - LogHttp Message - 00000229AA203C10: libcurl info message cache 2 (Immediate connect fail for 104.18.124.108: Connection refused)
Epic Manager: Category - LogHttp Message - 00000229AA203C10: libcurl info message cache 3 (  Trying 104.18.125.108:443...)
Epic Manager: Category - LogHttp Message - 00000229AA203C10: libcurl info message cache 4 (Immediate connect fail for 104.18.125.108: Connection refused)
Epic Manager: Category - LogHttp Message - 00000229AA203C10: libcurl info message cache 5 (Failed to connect to api.epicgames.dev port 443 after 4 ms: Couldn't connect to server)
Epic Manager: Category - LogHttp Message - 00000229AA203C10: libcurl info message cache 6 (Closing connection)
Epic Manager: Category - LogHttp Message - Retry exhausted on https://api.epicgames.dev/sdk/v1/default?platformId=WIN
[DewMod] Initialized com.doobyy.dpsmeter::DPSMeter
[DewMod] Activating com.doobyy.dpsmeter
[DPS Meter] Damage event listener attached.
[DPS Meter] Zone/node reset listeners attached.
[DPS Meter][HEAL TRACE] TARGET STAR EFFECT FOUND name=Se_Star_L_HealOnAttack(Clone)
[DPS Meter][HEAL TRACE] SELECTED LOADOUT type=HeroLoadoutData
[DPS Meter][HEAL TRACE] OBJECT SCAN SelectedLoadout type=HeroLoadoutData
[DPS Meter][HEAL TRACE] OBJECT MEMBER HeroLoadoutData.skillQ declaredType=System.Int32 valueType=System.Int32
[DPS Meter][HEAL TRACE] OBJECT MEMBER HeroLoadoutData.skillQ value=1
[DPS Meter][HEAL TRACE] OBJECT MEMBER HeroLoadoutData.skillR declaredType=System.Int32 valueType=System.Int32
[DPS Meter][HEAL TRACE] OBJECT MEMBER HeroLoadoutData.skillR value=0
[DPS Meter][HEAL TRACE] OBJECT MEMBER HeroLoadoutData.skillTrait declaredType=System.Int32 valueType=System.Int32
[DPS Meter][HEAL TRACE] OBJECT MEMBER HeroLoadoutData.skillTrait value=0
[DPS Meter][HEAL TRACE] OBJECT MEMBER HeroLoadoutData.skillMovement declaredType=System.Int32 valueType=System.Int32
[DPS Meter][HEAL TRACE] OBJECT MEMBER HeroLoadoutData.skillMovement value=0
[DPS Meter][HEAL TRACE] OBJECT MEMBER HeroLoadoutData.cDestruction declaredType=System.Collections.Generic.List`1[[LoadoutStarItem, Dew.Core, Version=0.0.0.0, Culture=neutral, PublicKeyToken=null]] valueType=System.Collections.Generic.List`1[[LoadoutStarItem, Dew.Core, Version=0.0.0.0, Culture=neutral, PublicKeyToken=null]]
[DPS Meter][HEAL TRACE] OBJECT MEMBER HeroLoadoutData.cDestruction item[0] type=LoadoutStarItem value=LoadoutStarItem
[DPS Meter][HEAL TRACE] OBJECT MEMBER HeroLoadoutData.cDestruction item[1] type=LoadoutStarItem value=LoadoutStarItem
[DPS Meter][HEAL TRACE] OBJECT MEMBER HeroLoadoutData.cDestruction item[2] type=LoadoutStarItem value=LoadoutStarItem
[DPS Meter][HEAL TRACE] OBJECT MEMBER HeroLoadoutData.cDestruction item[3] type=LoadoutStarItem value=LoadoutStarItem
[DPS Meter][HEAL TRACE] OBJECT MEMBER HeroLoadoutData.cDestruction item[4] type=LoadoutStarItem value=LoadoutStarItem
[DPS Meter][HEAL TRACE] OBJECT MEMBER HeroLoadoutData.cLife declaredType=System.Collections.Generic.List`1[[LoadoutStarItem, Dew.Core, Version=0.0.0.0, Culture=neutral, PublicKeyToken=null]] valueType=System.Collections.Generic.List`1[[LoadoutStarItem, Dew.Core, Version=0.0.0.0, Culture=neutral, PublicKeyToken=null]]
[DPS Meter][HEAL TRACE] OBJECT MEMBER HeroLoadoutData.cLife item[0] type=LoadoutStarItem value=LoadoutStarItem
[DPS Meter][HEAL TRACE] OBJECT MEMBER HeroLoadoutData.cLife item[1] type=LoadoutStarItem value=LoadoutStarItem
[DPS Meter][HEAL TRACE] OBJECT MEMBER HeroLoadoutData.cLife item[2] type=LoadoutStarItem value=LoadoutStarItem
[DPS Meter][HEAL TRACE] OBJECT MEMBER HeroLoadoutData.cImagination declaredType=System.Collections.Generic.List`1[[LoadoutStarItem, Dew.Core, Version=0.0.0.0, Culture=neutral, PublicKeyToken=null]] valueType=System.Collections.Generic.List`1[[LoadoutStarItem, Dew.Core, Version=0.0.0.0, Culture=neutral, PublicKeyToken=null]]
[DPS Meter][HEAL TRACE] OBJECT MEMBER HeroLoadoutData.cImagination item[0] type=LoadoutStarItem value=LoadoutStarItem
[DPS Meter][HEAL TRACE] OBJECT MEMBER HeroLoadoutData.cImagination item[1] type=LoadoutStarItem value=LoadoutStarItem
[DPS Meter][HEAL TRACE] OBJECT MEMBER HeroLoadoutData.cImagination item[2] type=LoadoutStarItem value=LoadoutStarItem
[DPS Meter][HEAL TRACE] OBJECT MEMBER HeroLoadoutData.cImagination item[3] type=LoadoutStarItem value=LoadoutStarItem
[DPS Meter][HEAL TRACE] OBJECT MEMBER HeroLoadoutData.cImagination item[4] type=LoadoutStarItem value=LoadoutStarItem
[DPS Meter][HEAL TRACE] OBJECT MEMBER HeroLoadoutData.cImagination item[5] type=LoadoutStarItem value=LoadoutStarItem
[DPS Meter][HEAL TRACE] OBJECT MEMBER HeroLoadoutData.cImagination item[6] type=LoadoutStarItem value=LoadoutStarItem
[DPS Meter][HEAL TRACE] OBJECT MEMBER HeroLoadoutData.cFlexible declaredType=System.Collections.Generic.List`1[[LoadoutStarItem, Dew.Core, Version=0.0.0.0, Culture=neutral, PublicKeyToken=null]] valueType=System.Collections.Generic.List`1[[LoadoutStarItem, Dew.Core, Version=0.0.0.0, Culture=neutral, PublicKeyToken=null]]
[DPS Meter][HEAL TRACE] OBJECT MEMBER HeroLoadoutData.cFlexible item[0] type=LoadoutStarItem value=LoadoutStarItem
[DPS Meter][HEAL TRACE] OBJECT MEMBER HeroLoadoutData.cFlexible item[1] type=LoadoutStarItem value=LoadoutStarItem
[DPS Meter][HEAL TRACE] OBJECT MEMBER HeroLoadoutData.cFlexible item[2] type=LoadoutStarItem value=LoadoutStarItem
[DPS Meter][HEAL TRACE] TARGET STAR EFFECT FOUND name=Se_Star_L_HealOnAttack(Clone)
[DPS Meter][HEAL TRACE] SELECTED LOADOUT type=HeroLoadoutData
[DPS Meter][HEAL TRACE] OBJECT SCAN SelectedLoadout type=HeroLoadoutData
[DPS Meter][HEAL TRACE] OBJECT MEMBER HeroLoadoutData.skillQ declaredType=System.Int32 valueType=System.Int32
[DPS Meter][HEAL TRACE] OBJECT MEMBER HeroLoadoutData.skillQ value=1
[DPS Meter][HEAL TRACE] OBJECT MEMBER HeroLoadoutData.skillR declaredType=System.Int32 valueType=System.Int32
[DPS Meter][HEAL TRACE] OBJECT MEMBER HeroLoadoutData.skillR value=0
[DPS Meter][HEAL TRACE] OBJECT MEMBER HeroLoadoutData.skillTrait declaredType=System.Int32 valueType=System.Int32
[DPS Meter][HEAL TRACE] OBJECT MEMBER HeroLoadoutData.skillTrait value=0
[DPS Meter][HEAL TRACE] OBJECT MEMBER HeroLoadoutData.skillMovement declaredType=System.Int32 valueType=System.Int32
[DPS Meter][HEAL TRACE] OBJECT MEMBER HeroLoadoutData.skillMovement value=0
[DPS Meter][HEAL TRACE] OBJECT MEMBER HeroLoadoutData.cDestruction declaredType=System.Collections.Generic.List`1[[LoadoutStarItem, Dew.Core, Version=0.0.0.0, Culture=neutral, PublicKeyToken=null]] valueType=System.Collections.Generic.List`1[[LoadoutStarItem, Dew.Core, Version=0.0.0.0, Culture=neutral, PublicKeyToken=null]]
[DPS Meter][HEAL TRACE] OBJECT MEMBER HeroLoadoutData.cDestruction item[0] type=LoadoutStarItem value=LoadoutStarItem
[DPS Meter][HEAL TRACE] OBJECT MEMBER HeroLoadoutData.cDestruction item[1] type=LoadoutStarItem value=LoadoutStarItem
[DPS Meter][HEAL TRACE] OBJECT MEMBER HeroLoadoutData.cDestruction item[2] type=LoadoutStarItem value=LoadoutStarItem
[DPS Meter][HEAL TRACE] OBJECT MEMBER HeroLoadoutData.cDestruction item[3] type=LoadoutStarItem value=LoadoutStarItem
[DPS Meter][HEAL TRACE] OBJECT MEMBER HeroLoadoutData.cDestruction item[4] type=LoadoutStarItem value=LoadoutStarItem
[DPS Meter][HEAL TRACE] OBJECT MEMBER HeroLoadoutData.cLife declaredType=System.Collections.Generic.List`1[[LoadoutStarItem, Dew.Core, Version=0.0.0.0, Culture=neutral, PublicKeyToken=null]] valueType=System.Collections.Generic.List`1[[LoadoutStarItem, Dew.Core, Version=0.0.0.0, Culture=neutral, PublicKeyToken=null]]
[DPS Meter][HEAL TRACE] OBJECT MEMBER HeroLoadoutData.cLife item[0] type=LoadoutStarItem value=LoadoutStarItem
[DPS Meter][HEAL TRACE] OBJECT MEMBER HeroLoadoutData.cLife item[1] type=LoadoutStarItem value=LoadoutStarItem
[DPS Meter][HEAL TRACE] OBJECT MEMBER HeroLoadoutData.cLife item[2] type=LoadoutStarItem value=LoadoutStarItem
[DPS Meter][HEAL TRACE] OBJECT MEMBER HeroLoadoutData.cImagination declaredType=System.Collections.Generic.List`1[[LoadoutStarItem, Dew.Core, Version=0.0.0.0, Culture=neutral, PublicKeyToken=null]] valueType=System.Collections.Generic.List`1[[LoadoutStarItem, Dew.Core, Version=0.0.0.0, Culture=neutral, PublicKeyToken=null]]
[DPS Meter][HEAL TRACE] OBJECT MEMBER HeroLoadoutData.cImagination item[0] type=LoadoutStarItem value=LoadoutStarItem
[DPS Meter][HEAL TRACE] OBJECT MEMBER HeroLoadoutData.cImagination item[1] type=LoadoutStarItem value=LoadoutStarItem
[DPS Meter][HEAL TRACE] OBJECT MEMBER HeroLoadoutData.cImagination item[2] type=LoadoutStarItem value=LoadoutStarItem
[DPS Meter][HEAL TRACE] OBJECT MEMBER HeroLoadoutData.cImagination item[3] type=LoadoutStarItem value=LoadoutStarItem
[DPS Meter][HEAL TRACE] OBJECT MEMBER HeroLoadoutData.cImagination item[4] type=LoadoutStarItem value=LoadoutStarItem
[DPS Meter][HEAL TRACE] OBJECT MEMBER HeroLoadoutData.cImagination item[5] type=LoadoutStarItem value=LoadoutStarItem
[DPS Meter][HEAL TRACE] OBJECT MEMBER HeroLoadoutData.cImagination item[6] type=LoadoutStarItem value=LoadoutStarItem
[DPS Meter][HEAL TRACE] OBJECT MEMBER HeroLoadoutData.cFlexible declaredType=System.Collections.Generic.List`1[[LoadoutStarItem, Dew.Core, Version=0.0.0.0, Culture=neutral, PublicKeyToken=null]] valueType=System.Collections.Generic.List`1[[LoadoutStarItem, Dew.Core, Version=0.0.0.0, Culture=neutral, PublicKeyToken=null]]
[DPS Meter][HEAL TRACE] OBJECT MEMBER HeroLoadoutData.cFlexible item[0] type=LoadoutStarItem value=LoadoutStarItem
[DPS Meter][HEAL TRACE] OBJECT MEMBER HeroLoadoutData.cFlexible item[1] type=LoadoutStarItem value=LoadoutStarItem
[DPS Meter][HEAL TRACE] OBJECT MEMBER HeroLoadoutData.cFlexible item[2] type=LoadoutStarItem value=LoadoutStarItem
[DPS Meter][HEAL TRACE] TARGET STAR EFFECT FOUND name=Se_Star_L_HealOnAttack(Clone)
[DPS Meter][HEAL TRACE] SELECTED LOADOUT type=HeroLoadoutData
[DPS Meter][HEAL TRACE] OBJECT SCAN SelectedLoadout type=HeroLoadoutData
[DPS Meter][HEAL TRACE] OBJECT MEMBER HeroLoadoutData.skillQ declaredType=System.Int32 valueType=System.Int32
[DPS Meter][HEAL TRACE] OBJECT MEMBER HeroLoadoutData.skillQ value=1
[DPS Meter][HEAL TRACE] OBJECT MEMBER HeroLoadoutData.skillR declaredType=System.Int32 valueType=System.Int32
[DPS Meter][HEAL TRACE] OBJECT MEMBER HeroLoadoutData.skillR value=0
[DPS Meter][HEAL TRACE] OBJECT MEMBER HeroLoadoutData.skillTrait declaredType=System.Int32 valueType=System.Int32
[DPS Meter][HEAL TRACE] OBJECT MEMBER HeroLoadoutData.skillTrait value=0
[DPS Meter][HEAL TRACE] OBJECT MEMBER HeroLoadoutData.skillMovement declaredType=System.Int32 valueType=System.Int32
[DPS Meter][HEAL TRACE] OBJECT MEMBER HeroLoadoutData.skillMovement value=0
[DPS Meter][HEAL TRACE] OBJECT MEMBER HeroLoadoutData.cDestruction declaredType=System.Collections.Generic.List`1[[LoadoutStarItem, Dew.Core, Version=0.0.0.0, Culture=neutral, PublicKeyToken=null]] valueType=System.Collections.Generic.List`1[[LoadoutStarItem, Dew.Core, Version=0.0.0.0, Culture=neutral, PublicKeyToken=null]]
[DPS Meter][HEAL TRACE] OBJECT MEMBER HeroLoadoutData.cDestruction item[0] type=LoadoutStarItem value=LoadoutStarItem
[DPS Meter][HEAL TRACE] OBJECT MEMBER HeroLoadoutData.cDestruction item[1] type=LoadoutStarItem value=LoadoutStarItem
[DPS Meter][HEAL TRACE] OBJECT MEMBER HeroLoadoutData.cDestruction item[2] type=LoadoutStarItem value=LoadoutStarItem
[DPS Meter][HEAL TRACE] OBJECT MEMBER HeroLoadoutData.cDestruction item[3] type=LoadoutStarItem value=LoadoutStarItem
[DPS Meter][HEAL TRACE] OBJECT MEMBER HeroLoadoutData.cDestruction item[4] type=LoadoutStarItem value=LoadoutStarItem
[DPS Meter][HEAL TRACE] OBJECT MEMBER HeroLoadoutData.cLife declaredType=System.Collections.Generic.List`1[[LoadoutStarItem, Dew.Core, Version=0.0.0.0, Culture=neutral, PublicKeyToken=null]] valueType=System.Collections.Generic.List`1[[LoadoutStarItem, Dew.Core, Version=0.0.0.0, Culture=neutral, PublicKeyToken=null]]
[DPS Meter][HEAL TRACE] OBJECT MEMBER HeroLoadoutData.cLife item[0] type=LoadoutStarItem value=LoadoutStarItem
[DPS Meter][HEAL TRACE] OBJECT MEMBER HeroLoadoutData.cLife item[1] type=LoadoutStarItem value=LoadoutStarItem
[DPS Meter][HEAL TRACE] OBJECT MEMBER HeroLoadoutData.cLife item[2] type=LoadoutStarItem value=LoadoutStarItem
[DPS Meter][HEAL TRACE] OBJECT MEMBER HeroLoadoutData.cImagination declaredType=System.Collections.Generic.List`1[[LoadoutStarItem, Dew.Core, Version=0.0.0.0, Culture=neutral, PublicKeyToken=null]] valueType=System.Collections.Generic.List`1[[LoadoutStarItem, Dew.Core, Version=0.0.0.0, Culture=neutral, PublicKeyToken=null]]
[DPS Meter][HEAL TRACE] OBJECT MEMBER HeroLoadoutData.cImagination item[0] type=LoadoutStarItem value=LoadoutStarItem
[DPS Meter][HEAL TRACE] OBJECT MEMBER HeroLoadoutData.cImagination item[1] type=LoadoutStarItem value=LoadoutStarItem
[DPS Meter][HEAL TRACE] OBJECT MEMBER HeroLoadoutData.cImagination item[2] type=LoadoutStarItem value=LoadoutStarItem
[DPS Meter][HEAL TRACE] OBJECT MEMBER HeroLoadoutData.cImagination item[3] type=LoadoutStarItem value=LoadoutStarItem
[DPS Meter][HEAL TRACE] OBJECT MEMBER HeroLoadoutData.cImagination item[4] type=LoadoutStarItem value=LoadoutStarItem
[DPS Meter][HEAL TRACE] OBJECT MEMBER HeroLoadoutData.cImagination item[5] type=LoadoutStarItem value=LoadoutStarItem
[DPS Meter][HEAL TRACE] OBJECT MEMBER HeroLoadoutData.cImagination item[6] type=LoadoutStarItem value=LoadoutStarItem
[DPS Meter][HEAL TRACE] OBJECT MEMBER HeroLoadoutData.cFlexible declaredType=System.Collections.Generic.List`1[[LoadoutStarItem, Dew.Core, Version=0.0.0.0, Culture=neutral, PublicKeyToken=null]] valueType=System.Collections.Generic.List`1[[LoadoutStarItem, Dew.Core, Version=0.0.0.0, Culture=neutral, PublicKeyToken=null]]
[DPS Meter][HEAL TRACE] OBJECT MEMBER HeroLoadoutData.cFlexible item[0] type=LoadoutStarItem value=LoadoutStarItem
[DPS Meter][HEAL TRACE] OBJECT MEMBER HeroLoadoutData.cFlexible item[1] type=LoadoutStarItem value=LoadoutStarItem
[DPS Meter][HEAL TRACE] OBJECT MEMBER HeroLoadoutData.cFlexible item[2] type=LoadoutStarItem value=LoadoutStarItem
Epic Manager: Category - LogHttp Message - 00000229AA203070: invalid HTTP response code received. URL: https://api.epicgames.dev/telemetry/data/datarouter/api/v1/public/data?SessionID=%7B9C58BC38-4AB0-D50E-77E4-51917568EDA8%7D&AppID=EOSSDK.PhaseRelease.ReleaseBuild&AppVersion=1.19.0.3-49960398%20-%20%2B%2BEOSSDK%2BRelease-1.19.0.3&UserID=&AppEnvironment=Production&UploadType=sdkevents, HTTP code: 0, content length: 0, actual payload size: 0
Epic Manager: Category - LogHttp Message - 00000229AA203070: request failed, libcurl error: 7 (Couldn't connect to server)
Epic Manager: Category - LogHttp Message - 00000229AA203070: libcurl info message cache 0 (Hostname api.epicgames.dev was found in DNS cache)
Epic Manager: Category - LogHttp Message - 00000229AA203070: libcurl info message cache 1 (  Trying 104.18.124.108:443...)
Epic Manager: Category - LogHttp Message - 00000229AA203070: libcurl info message cache 2 (Immediate connect fail for 104.18.124.108: Connection refused)
Epic Manager: Category - LogHttp Message - 00000229AA203070: libcurl info message cache 3 (  Trying 104.18.125.108:443...)
Epic Manager: Category - LogHttp Message - 00000229AA203070: libcurl info message cache 4 (Immediate connect fail for 104.18.125.108: Connection refused)
Epic Manager: Category - LogHttp Message - 00000229AA203070: libcurl info message cache 5 (Failed to connect to api.epicgames.dev port 443 after 4 ms: Couldn't connect to server)
Epic Manager: Category - LogHttp Message - 00000229AA203070: libcurl info message cache 6 (Closing connection)
Epic Manager: Category - LogHttp Message - Retry exhausted on https://api.epicgames.dev/telemetry/data/datarouter/api/v1/public/data?SessionID=%7B9C58BC38-4AB0-D50E-77E4-51917568EDA8%7D&AppID=EOSSDK.PhaseRelease.ReleaseBuild&AppVersion=1.19.0.3-49960398%20-%20%2B%2BEOSSDK%2BRelease-1.19.0.3&UserID=&AppEnvironment=Production&UploadType=sdkevents
Epic Manager: Category - LogHttp Message - 00000229AA203C10: invalid HTTP response code received. URL: https://api.epicgames.dev/sdk/v1/default?platformId=WIN, HTTP code: 0, content length: 0, actual payload size: 0
Epic Manager: Category - LogHttp Message - 00000229AA203C10: request failed, libcurl error: 7 (Couldn't connect to server)
Epic Manager: Category - LogHttp Message - 00000229AA203C10: libcurl info message cache 0 (Hostname api.epicgames.dev was found in DNS cache)
Epic Manager: Category - LogHttp Message - 00000229AA203C10: libcurl info message cache 1 (  Trying 104.18.124.108:443...)
Epic Manager: Category - LogHttp Message - 00000229AA203C10: libcurl info message cache 2 (Immediate connect fail for 104.18.124.108: Connection refused)
Epic Manager: Category - LogHttp Message - 00000229AA203C10: libcurl info message cache 3 (  Trying 104.18.125.108:443...)
Epic Manager: Category - LogHttp Message - 00000229AA203C10: libcurl info message cache 4 (Immediate connect fail for 104.18.125.108: Connection refused)
Epic Manager: Category - LogHttp Message - 00000229AA203C10: libcurl info message cache 5 (Failed to connect to api.epicgames.dev port 443 after 4 ms: Couldn't connect to server)
Epic Manager: Category - LogHttp Message - 00000229AA203C10: libcurl info message cache 6 (Closing connection)
Epic Manager: Category - LogHttp Message - Retry exhausted on https://api.epicgames.dev/sdk/v1/default?platformId=WIN
Epic Manager: Category - LogHttp Message - 00000229AA203070: invalid HTTP response code received. URL: https://api.epicgames.dev/sdk/v1/default?platformId=WIN, HTTP code: 0, content length: 0, actual payload size: 0
Epic Manager: Category - LogHttp Message - 00000229AA203070: request failed, libcurl error: 7 (Couldn't connect to server)
Epic Manager: Category - LogHttp Message - 00000229AA203070: libcurl info message cache 0 (Hostname api.epicgames.dev was found in DNS cache)
Epic Manager: Category - LogHttp Message - 00000229AA203070: libcurl info message cache 1 (  Trying 104.18.124.108:443...)
Epic Manager: Category - LogHttp Message - 00000229AA203070: libcurl info message cache 2 (Immediate connect fail for 104.18.124.108: Connection refused)
Epic Manager: Category - LogHttp Message - 00000229AA203070: libcurl info message cache 3 (  Trying 104.18.125.108:443...)
Epic Manager: Category - LogHttp Message - 00000229AA203070: libcurl info message cache 4 (Immediate connect fail for 104.18.125.108: Connection refused)
Epic Manager: Category - LogHttp Message - 00000229AA203070: libcurl info message cache 5 (Failed to connect to api.epicgames.dev port 443 after 4 ms: Couldn't connect to server)
Epic Manager: Category - LogHttp Message - 00000229AA203070: libcurl info message cache 6 (Closing connection)
Epic Manager: Category - LogHttp Message - Retry exhausted on https://api.epicgames.dev/sdk/v1/default?platformId=WIN
Epic Manager: Category - LogHttp Message - 00000229AA203070: invalid HTTP response code received. URL: https://api.epicgames.dev/sdk/v1/default?platformId=WIN, HTTP code: 0, content length: 0, actual payload size: 0
Epic Manager: Category - LogHttp Message - 00000229AA203070: request failed, libcurl error: 7 (Couldn't connect to server)
Epic Manager: Category - LogHttp Message - 00000229AA203070: libcurl info message cache 0 (Hostname api.epicgames.dev was found in DNS cache)
Epic Manager: Category - LogHttp Message - 00000229AA203070: libcurl info message cache 1 (  Trying 104.18.124.108:443...)
Epic Manager: Category - LogHttp Message - 00000229AA203070: libcurl info message cache 2 (Immediate connect fail for 104.18.124.108: Connection refused)
Epic Manager: Category - LogHttp Message - 00000229AA203070: libcurl info message cache 3 (  Trying 104.18.125.108:443...)
Epic Manager: Category - LogHttp Message - 00000229AA203070: libcurl info message cache 4 (Immediate connect fail for 104.18.125.108: Connection refused)
Epic Manager: Category - LogHttp Message - 00000229AA203070: libcurl info message cache 5 (Failed to connect to api.epicgames.dev port 443 after 4 ms: Couldn't connect to server)
Epic Manager: Category - LogHttp Message - 00000229AA203070: libcurl info message cache 6 (Closing connection)
Epic Manager: Category - LogHttp Message - Retry exhausted on https://api.epicgames.dev/sdk/v1/default?platformId=WIN
Epic Manager: Category - LogHttp Message - 00000229AA203C10: invalid HTTP response code received. URL: https://api.epicgames.dev/sdk/v1/default?platformId=WIN, HTTP code: 0, content length: 0, actual payload size: 0
Epic Manager: Category - LogHttp Message - 00000229AA203C10: request failed, libcurl error: 7 (Couldn't connect to server)
Epic Manager: Category - LogHttp Message - 00000229AA203C10: libcurl info message cache 0 (Hostname in DNS cache was stale, zapped)
Epic Manager: Category - LogHttp Message - 00000229AA203C10: libcurl info message cache 1 (  Trying 104.18.125.108:443...)
Epic Manager: Category - LogHttp Message - 00000229AA203C10: libcurl info message cache 2 (Immediate connect fail for 104.18.125.108: Connection refused)
Epic Manager: Category - LogHttp Message - 00000229AA203C10: libcurl info message cache 3 (  Trying 104.18.124.108:443...)
Epic Manager: Category - LogHttp Message - 00000229AA203C10: libcurl info message cache 4 (Immediate connect fail for 104.18.124.108: Connection refused)
Epic Manager: Category - LogHttp Message - 00000229AA203C10: libcurl info message cache 5 (Failed to connect to api.epicgames.dev port 443 after 14 ms: Couldn't connect to server)
Epic Manager: Category - LogHttp Message - 00000229AA203C10: libcurl info message cache 6 (Closing connection)
Epic Manager: Category - LogHttp Message - Retry exhausted on https://api.epicgames.dev/sdk/v1/default?platformId=WIN
Epic Manager: Category - LogHttp Message - 00000229AA203070: invalid HTTP response code received. URL: https://api.epicgames.dev/sdk/v1/default?platformId=WIN, HTTP code: 0, content length: 0, actual payload size: 0
Epic Manager: Category - LogHttp Message - 00000229AA203070: request failed, libcurl error: 7 (Couldn't connect to server)
Epic Manager: Category - LogHttp Message - 00000229AA203070: libcurl info message cache 0 (Hostname api.epicgames.dev was found in DNS cache)
Epic Manager: Category - LogHttp Message - 00000229AA203070: libcurl info message cache 1 (  Trying 104.18.125.108:443...)
Epic Manager: Category - LogHttp Message - 00000229AA203070: libcurl info message cache 2 (Immediate connect fail for 104.18.125.108: Connection refused)
Epic Manager: Category - LogHttp Message - 00000229AA203070: libcurl info message cache 3 (  Trying 104.18.124.108:443...)
Epic Manager: Category - LogHttp Message - 00000229AA203070: libcurl info message cache 4 (Immediate connect fail for 104.18.124.108: Connection refused)
Epic Manager: Category - LogHttp Message - 00000229AA203070: libcurl info message cache 5 (Failed to connect to api.epicgames.dev port 443 after 4 ms: Couldn't connect to server)
Epic Manager: Category - LogHttp Message - 00000229AA203070: libcurl info message cache 6 (Closing connection)
Epic Manager: Category - LogHttp Message - Retry exhausted on https://api.epicgames.dev/sdk/v1/default?platformId=WIN
Epic Manager: Category - LogHttp Message - 00000229AA203070: invalid HTTP response code received. URL: https://api.epicgames.dev/sdk/v1/default?platformId=WIN, HTTP code: 0, content length: 0, actual payload size: 0
Epic Manager: Category - LogHttp Message - 00000229AA203070: request failed, libcurl error: 7 (Couldn't connect to server)
Epic Manager: Category - LogHttp Message - 00000229AA203070: libcurl info message cache 0 (Hostname api.epicgames.dev was found in DNS cache)
Epic Manager: Category - LogHttp Message - 00000229AA203070: libcurl info message cache 1 (  Trying 104.18.125.108:443...)
Epic Manager: Category - LogHttp Message - 00000229AA203070: libcurl info message cache 2 (Immediate connect fail for 104.18.125.108: Connection refused)
Epic Manager: Category - LogHttp Message - 00000229AA203070: libcurl info message cache 3 (  Trying 104.18.124.108:443...)
Epic Manager: Category - LogHttp Message - 00000229AA203070: libcurl info message cache 4 (Immediate connect fail for 104.18.124.108: Connection refused)
Epic Manager: Category - LogHttp Message - 00000229AA203070: libcurl info message cache 5 (Failed to connect to api.epicgames.dev port 443 after 4 ms: Couldn't connect to server)
Epic Manager: Category - LogHttp Message - 00000229AA203070: libcurl info message cache 6 (Closing connection)
Epic Manager: Category - LogHttp Message - Retry exhausted on https://api.epicgames.dev/sdk/v1/default?platformId=WIN
Epic Manager: Category - LogHttp Message - 00000229AA203070: invalid HTTP response code received. URL: https://api.epicgames.dev/sdk/v1/default?platformId=WIN, HTTP code: 0, content length: 0, actual payload size: 0
Epic Manager: Category - LogHttp Message - 00000229AA203070: request failed, libcurl error: 7 (Couldn't connect to server)
Epic Manager: Category - LogHttp Message - 00000229AA203070: libcurl info message cache 0 (Hostname api.epicgames.dev was found in DNS cache)
Epic Manager: Category - LogHttp Message - 00000229AA203070: libcurl info message cache 1 (  Trying 104.18.125.108:443...)
Epic Manager: Category - LogHttp Message - 00000229AA203070: libcurl info message cache 2 (Immediate connect fail for 104.18.125.108: Connection refused)
Epic Manager: Category - LogHttp Message - 00000229AA203070: libcurl info message cache 3 (  Trying 104.18.124.108:443...)
Epic Manager: Category - LogHttp Message - 00000229AA203070: libcurl info message cache 4 (Immediate connect fail for 104.18.124.108: Connection refused)
Epic Manager: Category - LogHttp Message - 00000229AA203070: libcurl info message cache 5 (Failed to connect to api.epicgames.dev port 443 after 4 ms: Couldn't connect to server)
Epic Manager: Category - LogHttp Message - 00000229AA203070: libcurl info message cache 6 (Closing connection)
Epic Manager: Category - LogHttp Message - Retry exhausted on https://api.epicgames.dev/sdk/v1/default?platformId=WIN
Epic Manager: Category - LogHttp Message - 00000229AA203C10: invalid HTTP response code received. URL: https://api.epicgames.dev/sdk/v1/default?platformId=WIN, HTTP code: 0, content length: 0, actual payload size: 0
Epic Manager: Category - LogHttp Message - 00000229AA203C10: request failed, libcurl error: 7 (Couldn't connect to server)
Epic Manager: Category - LogHttp Message - 00000229AA203C10: libcurl info message cache 0 (Hostname api.epicgames.dev was found in DNS cache)
Epic Manager: Category - LogHttp Message - 00000229AA203C10: libcurl info message cache 1 (  Trying 104.18.125.108:443...)
Epic Manager: Category - LogHttp Message - 00000229AA203C10: libcurl info message cache 2 (Immediate connect fail for 104.18.125.108: Connection refused)
Epic Manager: Category - LogHttp Message - 00000229AA203C10: libcurl info message cache 3 (  Trying 104.18.124.108:443...)
Epic Manager: Category - LogHttp Message - 00000229AA203C10: libcurl info message cache 4 (Immediate connect fail for 104.18.124.108: Connection refused)
Epic Manager: Category - LogHttp Message - 00000229AA203C10: libcurl info message cache 5 (Failed to connect to api.epicgames.dev port 443 after 4 ms: Couldn't connect to server)
Epic Manager: Category - LogHttp Message - 00000229AA203C10: libcurl info message cache 6 (Closing connection)
Epic Manager: Category - LogHttp Message - Retry exhausted on https://api.epicgames.dev/sdk/v1/default?platformId=WIN
Epic Manager: Category - LogHttp Message - 00000229AA203070: invalid HTTP response code received. URL: https://api.epicgames.dev/sdk/v1/default?platformId=WIN, HTTP code: 0, content length: 0, actual payload size: 0
Epic Manager: Category - LogHttp Message - 00000229AA203070: request failed, libcurl error: 7 (Couldn't connect to server)
Epic Manager: Category - LogHttp Message - 00000229AA203070: libcurl info message cache 0 (Hostname api.epicgames.dev was found in DNS cache)
Epic Manager: Category - LogHttp Message - 00000229AA203070: libcurl info message cache 1 (  Trying 104.18.125.108:443...)
Epic Manager: Category - LogHttp Message - 00000229AA203070: libcurl info message cache 2 (Immediate connect fail for 104.18.125.108: Connection refused)
Epic Manager: Category - LogHttp Message - 00000229AA203070: libcurl info message cache 3 (  Trying 104.18.124.108:443...)
Epic Manager: Category - LogHttp Message - 00000229AA203070: libcurl info message cache 4 (Immediate connect fail for 104.18.124.108: Connection refused)
Epic Manager: Category - LogHttp Message - 00000229AA203070: libcurl info message cache 5 (Failed to connect to api.epicgames.dev port 443 after 4 ms: Couldn't connect to server)
Epic Manager: Category - LogHttp Message - 00000229AA203070: libcurl info message cache 6 (Closing connection)
Epic Manager: Category - LogHttp Message - Retry exhausted on https://api.epicgames.dev/sdk/v1/default?platformId=WIN
Epic Manager: Category - LogHttp Message - 00000229AA203070: invalid HTTP response code received. URL: https://api.epicgames.dev/telemetry/data/datarouter/api/v1/public/data?SessionID=%7B9C58BC38-4AB0-D50E-77E4-51917568EDA8%7D&AppID=EOSSDK.PhaseRelease.ReleaseBuild&AppVersion=1.19.0.3-49960398%20-%20%2B%2BEOSSDK%2BRelease-1.19.0.3&UserID=&AppEnvironment=Production&UploadType=sdkevents, HTTP code: 0, content length: 0, actual payload size: 0
Epic Manager: Category - LogHttp Message - 00000229AA203070: request failed, libcurl error: 7 (Couldn't connect to server)
Epic Manager: Category - LogHttp Message - 00000229AA203070: libcurl info message cache 0 (Hostname api.epicgames.dev was found in DNS cache)
Epic Manager: Category - LogHttp Message - 00000229AA203070: libcurl info message cache 1 (  Trying 104.18.125.108:443...)
Epic Manager: Category - LogHttp Message - 00000229AA203070: libcurl info message cache 2 (Immediate connect fail for 104.18.125.108: Connection refused)
Epic Manager: Category - LogHttp Message - 00000229AA203070: libcurl info message cache 3 (  Trying 104.18.124.108:443...)
Epic Manager: Category - LogHttp Message - 00000229AA203070: libcurl info message cache 4 (Immediate connect fail for 104.18.124.108: Connection refused)
Epic Manager: Category - LogHttp Message - 00000229AA203070: libcurl info message cache 5 (Failed to connect to api.epicgames.dev port 443 after 4 ms: Couldn't connect to server)
Epic Manager: Category - LogHttp Message - 00000229AA203070: libcurl info message cache 6 (Closing connection)
Epic Manager: Category - LogHttp Message - Retry exhausted on https://api.epicgames.dev/telemetry/data/datarouter/api/v1/public/data?SessionID=%7B9C58BC38-4AB0-D50E-77E4-51917568EDA8%7D&AppID=EOSSDK.PhaseRelease.ReleaseBuild&AppVersion=1.19.0.3-49960398%20-%20%2B%2BEOSSDK%2BRelease-1.19.0.3&UserID=&AppEnvironment=Production&UploadType=sdkevents
Epic Manager: Category - LogHttp Message - 00000229AA203C10: invalid HTTP response code received. URL: https://api.epicgames.dev/sdk/v1/default?platformId=WIN, HTTP code: 0, content length: 0, actual payload size: 0
Epic Manager: Category - LogHttp Message - 00000229AA203C10: request failed, libcurl error: 7 (Couldn't connect to server)
Epic Manager: Category - LogHttp Message - 00000229AA203C10: libcurl info message cache 0 (Hostname api.epicgames.dev was found in DNS cache)
Epic Manager: Category - LogHttp Message - 00000229AA203C10: libcurl info message cache 1 (  Trying 104.18.125.108:443...)
Epic Manager: Category - LogHttp Message - 00000229AA203C10: libcurl info message cache 2 (Immediate connect fail for 104.18.125.108: Connection refused)
Epic Manager: Category - LogHttp Message - 00000229AA203C10: libcurl info message cache 3 (  Trying 104.18.124.108:443...)
Epic Manager: Category - LogHttp Message - 00000229AA203C10: libcurl info message cache 4 (Immediate connect fail for 104.18.124.108: Connection refused)
Epic Manager: Category - LogHttp Message - 00000229AA203C10: libcurl info message cache 5 (Failed to connect to api.epicgames.dev port 443 after 5 ms: Couldn't connect to server)
Epic Manager: Category - LogHttp Message - 00000229AA203C10: libcurl info message cache 6 (Closing connection)
Epic Manager: Category - LogHttp Message - Retry exhausted on https://api.epicgames.dev/sdk/v1/default?platformId=WIN
Epic Manager: Category - LogHttp Message - 00000229AA203070: invalid HTTP response code received. URL: https://api.epicgames.dev/sdk/v1/default?platformId=WIN, HTTP code: 0, content length: 0, actual payload size: 0
Epic Manager: Category - LogHttp Message - 00000229AA203070: request failed, libcurl error: 7 (Couldn't connect to server)
Epic Manager: Category - LogHttp Message - 00000229AA203070: libcurl info message cache 0 (Hostname api.epicgames.dev was found in DNS cache)
Epic Manager: Category - LogHttp Message - 00000229AA203070: libcurl info message cache 1 (  Trying 104.18.125.108:443...)
Epic Manager: Category - LogHttp Message - 00000229AA203070: libcurl info message cache 2 (Immediate connect fail for 104.18.125.108: Connection refused)
Epic Manager: Category - LogHttp Message - 00000229AA203070: libcurl info message cache 3 (  Trying 104.18.124.108:443...)
Epic Manager: Category - LogHttp Message - 00000229AA203070: libcurl info message cache 4 (Immediate connect fail for 104.18.124.108: Connection refused)
Epic Manager: Category - LogHttp Message - 00000229AA203070: libcurl info message cache 5 (Failed to connect to api.epicgames.dev port 443 after 4 ms: Couldn't connect to server)
Epic Manager: Category - LogHttp Message - 00000229AA203070: libcurl info message cache 6 (Closing connection)
Epic Manager: Category - LogHttp Message - Retry exhausted on https://api.epicgames.dev/sdk/v1/default?platformId=WIN
Epic Manager: Category - LogHttp Message - 00000229AA203070: invalid HTTP response code received. URL: https://api.epicgames.dev/sdk/v1/default?platformId=WIN, HTTP code: 0, content length: 0, actual payload size: 0
Epic Manager: Category - LogHttp Message - 00000229AA203070: request failed, libcurl error: 7 (Couldn't connect to server)
Epic Manager: Category - LogHttp Message - 00000229AA203070: libcurl info message cache 0 (Hostname api.epicgames.dev was found in DNS cache)
Epic Manager: Category - LogHttp Message - 00000229AA203070: libcurl info message cache 1 (  Trying 104.18.125.108:443...)
Epic Manager: Category - LogHttp Message - 00000229AA203070: libcurl info message cache 2 (Immediate connect fail for 104.18.125.108: Connection refused)
Epic Manager: Category - LogHttp Message - 00000229AA203070: libcurl info message cache 3 (  Trying 104.18.124.108:443...)
Epic Manager: Category - LogHttp Message - 00000229AA203070: libcurl info message cache 4 (Immediate connect fail for 104.18.124.108: Connection refused)
Epic Manager: Category - LogHttp Message - 00000229AA203070: libcurl info message cache 5 (Failed to connect to api.epicgames.dev port 443 after 4 ms: Couldn't connect to server)
Epic Manager: Category - LogHttp Message - 00000229AA203070: libcurl info message cache 6 (Closing connection)
Epic Manager: Category - LogHttp Message - Retry exhausted on https://api.epicgames.dev/sdk/v1/default?platformId=WIN
Epic Manager: Category - LogHttp Message - 00000229AA203070: invalid HTTP response code received. URL: https://api.epicgames.dev/sdk/v1/default?platformId=WIN, HTTP code: 0, content length: 0, actual payload size: 0
Epic Manager: Category - LogHttp Message - 00000229AA203070: request failed, libcurl error: 7 (Couldn't connect to server)
Epic Manager: Category - LogHttp Message - 00000229AA203070: libcurl info message cache 0 (Hostname api.epicgames.dev was found in DNS cache)
Epic Manager: Category - LogHttp Message - 00000229AA203070: libcurl info message cache 1 (  Trying 104.18.125.108:443...)
Epic Manager: Category - LogHttp Message - 00000229AA203070: libcurl info message cache 2 (Immediate connect fail for 104.18.125.108: Connection refused)
Epic Manager: Category - LogHttp Message - 00000229AA203070: libcurl info message cache 3 (  Trying 104.18.124.108:443...)
Epic Manager: Category - LogHttp Message - 00000229AA203070: libcurl info message cache 4 (Immediate connect fail for 104.18.124.108: Connection refused)
Epic Manager: Category - LogHttp Message - 00000229AA203070: libcurl info message cache 5 (Failed to connect to api.epicgames.dev port 443 after 4 ms: Couldn't connect to server)
Epic Manager: Category - LogHttp Message - 00000229AA203070: libcurl info message cache 6 (Closing connection)
Epic Manager: Category - LogHttp Message - Retry exhausted on https://api.epicgames.dev/sdk/v1/default?platformId=WIN
Epic Manager: Category - LogHttp Message - 00000229AA203070: invalid HTTP response code received. URL: https://api.epicgames.dev/sdk/v1/default?platformId=WIN, HTTP code: 0, content length: 0, actual payload size: 0
Epic Manager: Category - LogHttp Message - 00000229AA203070: request failed, libcurl error: 7 (Couldn't connect to server)
Epic Manager: Category - LogHttp Message - 00000229AA203070: libcurl info message cache 0 (Hostname api.epicgames.dev was found in DNS cache)
Epic Manager: Category - LogHttp Message - 00000229AA203070: libcurl info message cache 1 (  Trying 104.18.125.108:443...)
Epic Manager: Category - LogHttp Message - 00000229AA203070: libcurl info message cache 2 (Immediate connect fail for 104.18.125.108: Connection refused)
Epic Manager: Category - LogHttp Message - 00000229AA203070: libcurl info message cache 3 (  Trying 104.18.124.108:443...)
Epic Manager: Category - LogHttp Message - 00000229AA203070: libcurl info message cache 4 (Immediate connect fail for 104.18.124.108: Connection refused)
Epic Manager: Category - LogHttp Message - 00000229AA203070: libcurl info message cache 5 (Failed to connect to api.epicgames.dev port 443 after 4 ms: Couldn't connect to server)
Epic Manager: Category - LogHttp Message - 00000229AA203070: libcurl info message cache 6 (Closing connection)
Epic Manager: Category - LogHttp Message - Retry exhausted on https://api.epicgames.dev/sdk/v1/default?platformId=WIN
Epic Manager: Category - LogHttp Message - 00000229AA203C10: invalid HTTP response code received. URL: https://api.epicgames.dev/sdk/v1/default?platformId=WIN, HTTP code: 0, content length: 0, actual payload size: 0
Epic Manager: Category - LogHttp Message - 00000229AA203C10: request failed, libcurl error: 7 (Couldn't connect to server)
Epic Manager: Category - LogHttp Message - 00000229AA203C10: libcurl info message cache 0 (Hostname in DNS cache was stale, zapped)
Epic Manager: Category - LogHttp Message - 00000229AA203C10: libcurl info message cache 1 (  Trying 104.18.124.108:443...)
Epic Manager: Category - LogHttp Message - 00000229AA203C10: libcurl info message cache 2 (Immediate connect fail for 104.18.124.108: Connection refused)
Epic Manager: Category - LogHttp Message - 00000229AA203C10: libcurl info message cache 3 (  Trying 104.18.125.108:443...)
Epic Manager: Category - LogHttp Message - 00000229AA203C10: libcurl info message cache 4 (Immediate connect fail for 104.18.125.108: Connection refused)
Epic Manager: Category - LogHttp Message - 00000229AA203C10: libcurl info message cache 5 (Failed to connect to api.epicgames.dev port 443 after 13 ms: Couldn't connect to server)
Epic Manager: Category - LogHttp Message - 00000229AA203C10: libcurl info message cache 6 (Closing connection)
Epic Manager: Category - LogHttp Message - Retry exhausted on https://api.epicgames.dev/sdk/v1/default?platformId=WIN
Epic Manager: Category - LogHttp Message - 00000229AA203070: invalid HTTP response code received. URL: https://api.epicgames.dev/sdk/v1/default?platformId=WIN, HTTP code: 0, content length: 0, actual payload size: 0
Epic Manager: Category - LogHttp Message - 00000229AA203070: request failed, libcurl error: 7 (Couldn't connect to server)
Epic Manager: Category - LogHttp Message - 00000229AA203070: libcurl info message cache 0 (Hostname api.epicgames.dev was found in DNS cache)
Epic Manager: Category - LogHttp Message - 00000229AA203070: libcurl info message cache 1 (  Trying 104.18.124.108:443...)
Epic Manager: Category - LogHttp Message - 00000229AA203070: libcurl info message cache 2 (Immediate connect fail for 104.18.124.108: Connection refused)
Epic Manager: Category - LogHttp Message - 00000229AA203070: libcurl info message cache 3 (  Trying 104.18.125.108:443...)
Epic Manager: Category - LogHttp Message - 00000229AA203070: libcurl info message cache 4 (Immediate connect fail for 104.18.125.108: Connection refused)
Epic Manager: Category - LogHttp Message - 00000229AA203070: libcurl info message cache 5 (Failed to connect to api.epicgames.dev port 443 after 4 ms: Couldn't connect to server)
Epic Manager: Category - LogHttp Message - 00000229AA203070: libcurl info message cache 6 (Closing connection)
Epic Manager: Category - LogHttp Message - Retry exhausted on https://api.epicgames.dev/sdk/v1/default?platformId=WIN
[DewMod] Initialized com.doobyy.dpsmeter::DPSMeter
[DewMod] Activating com.doobyy.dpsmeter
[DPS Meter] Damage event listener attached.
[DPS Meter] Zone/node reset listeners attached.
[DPS Meter][HEAL TRACE] ENTER source=type=Se_C_IceBlock name=Se_C_IceBlock(Adjusted)(Clone)
[DPS Meter][HEAL TRACE] TARGET STAR EFFECT FOUND name=Se_Star_L_HealOnAttack(Clone)
[DPS Meter][HEAL TRACE] SELECTED LOADOUT type=HeroLoadoutData
[DPS Meter][HEAL TRACE] OBJECT SCAN SelectedLoadout type=HeroLoadoutData
[DPS Meter][HEAL TRACE] OBJECT MEMBER HeroLoadoutData.skillQ declaredType=System.Int32 valueType=System.Int32
[DPS Meter][HEAL TRACE] OBJECT MEMBER HeroLoadoutData.skillQ value=1
[DPS Meter][HEAL TRACE] OBJECT MEMBER HeroLoadoutData.skillR declaredType=System.Int32 valueType=System.Int32
[DPS Meter][HEAL TRACE] OBJECT MEMBER HeroLoadoutData.skillR value=0
[DPS Meter][HEAL TRACE] OBJECT MEMBER HeroLoadoutData.skillTrait declaredType=System.Int32 valueType=System.Int32
[DPS Meter][HEAL TRACE] OBJECT MEMBER HeroLoadoutData.skillTrait value=0
[DPS Meter][HEAL TRACE] OBJECT MEMBER HeroLoadoutData.skillMovement declaredType=System.Int32 valueType=System.Int32
[DPS Meter][HEAL TRACE] OBJECT MEMBER HeroLoadoutData.skillMovement value=0
[DPS Meter][HEAL TRACE] OBJECT MEMBER HeroLoadoutData.cDestruction declaredType=System.Collections.Generic.List`1[[LoadoutStarItem, Dew.Core, Version=0.0.0.0, Culture=neutral, PublicKeyToken=null]] valueType=System.Collections.Generic.List`1[[LoadoutStarItem, Dew.Core, Version=0.0.0.0, Culture=neutral, PublicKeyToken=null]]
[DPS Meter][HEAL TRACE] OBJECT MEMBER HeroLoadoutData.cDestruction item[0] type=LoadoutStarItem value=LoadoutStarItem
[DPS Meter][HEAL TRACE] OBJECT MEMBER HeroLoadoutData.cDestruction item[1] type=LoadoutStarItem value=LoadoutStarItem
[DPS Meter][HEAL TRACE] OBJECT MEMBER HeroLoadoutData.cDestruction item[2] type=LoadoutStarItem value=LoadoutStarItem
[DPS Meter][HEAL TRACE] OBJECT MEMBER HeroLoadoutData.cDestruction item[3] type=LoadoutStarItem value=LoadoutStarItem
[DPS Meter][HEAL TRACE] OBJECT MEMBER HeroLoadoutData.cDestruction item[4] type=LoadoutStarItem value=LoadoutStarItem
[DPS Meter][HEAL TRACE] OBJECT MEMBER HeroLoadoutData.cLife declaredType=System.Collections.Generic.List`1[[LoadoutStarItem, Dew.Core, Version=0.0.0.0, Culture=neutral, PublicKeyToken=null]] valueType=System.Collections.Generic.List`1[[LoadoutStarItem, Dew.Core, Version=0.0.0.0, Culture=neutral, PublicKeyToken=null]]
[DPS Meter][HEAL TRACE] OBJECT MEMBER HeroLoadoutData.cLife item[0] type=LoadoutStarItem value=LoadoutStarItem
[DPS Meter][HEAL TRACE] OBJECT MEMBER HeroLoadoutData.cLife item[1] type=LoadoutStarItem value=LoadoutStarItem
[DPS Meter][HEAL TRACE] OBJECT MEMBER HeroLoadoutData.cLife item[2] type=LoadoutStarItem value=LoadoutStarItem
[DPS Meter][HEAL TRACE] OBJECT MEMBER HeroLoadoutData.cImagination declaredType=System.Collections.Generic.List`1[[LoadoutStarItem, Dew.Core, Version=0.0.0.0, Culture=neutral, PublicKeyToken=null]] valueType=System.Collections.Generic.List`1[[LoadoutStarItem, Dew.Core, Version=0.0.0.0, Culture=neutral, PublicKeyToken=null]]
[DPS Meter][HEAL TRACE] OBJECT MEMBER HeroLoadoutData.cImagination item[0] type=LoadoutStarItem value=LoadoutStarItem
[DPS Meter][HEAL TRACE] OBJECT MEMBER HeroLoadoutData.cImagination item[1] type=LoadoutStarItem value=LoadoutStarItem
[DPS Meter][HEAL TRACE] OBJECT MEMBER HeroLoadoutData.cImagination item[2] type=LoadoutStarItem value=LoadoutStarItem
[DPS Meter][HEAL TRACE] OBJECT MEMBER HeroLoadoutData.cImagination item[3] type=LoadoutStarItem value=LoadoutStarItem
[DPS Meter][HEAL TRACE] OBJECT MEMBER HeroLoadoutData.cImagination item[4] type=LoadoutStarItem value=LoadoutStarItem
[DPS Meter][HEAL TRACE] OBJECT MEMBER HeroLoadoutData.cImagination item[5] type=LoadoutStarItem value=LoadoutStarItem
[DPS Meter][HEAL TRACE] OBJECT MEMBER HeroLoadoutData.cImagination item[6] type=LoadoutStarItem value=LoadoutStarItem
[DPS Meter][HEAL TRACE] OBJECT MEMBER HeroLoadoutData.cFlexible declaredType=System.Collections.Generic.List`1[[LoadoutStarItem, Dew.Core, Version=0.0.0.0, Culture=neutral, PublicKeyToken=null]] valueType=System.Collections.Generic.List`1[[LoadoutStarItem, Dew.Core, Version=0.0.0.0, Culture=neutral, PublicKeyToken=null]]
[DPS Meter][HEAL TRACE] OBJECT MEMBER HeroLoadoutData.cFlexible item[0] type=LoadoutStarItem value=LoadoutStarItem
[DPS Meter][HEAL TRACE] OBJECT MEMBER HeroLoadoutData.cFlexible item[1] type=LoadoutStarItem value=LoadoutStarItem
[DPS Meter][HEAL TRACE] OBJECT MEMBER HeroLoadoutData.cFlexible item[2] type=LoadoutStarItem value=LoadoutStarItem
[DPS Meter][HEAL TRACE] ENTER source=type=Se_Star_L_HealOnAttack name=Se_Star_L_HealOnAttack(Clone)
[DPS Meter][HEAL TRACE] TARGET STAR EFFECT FOUND name=Se_Star_L_HealOnAttack(Clone)
[DPS Meter][HEAL TRACE] SELECTED LOADOUT type=HeroLoadoutData
[DPS Meter][HEAL TRACE] OBJECT SCAN SelectedLoadout type=HeroLoadoutData
[DPS Meter][HEAL TRACE] OBJECT MEMBER HeroLoadoutData.skillQ declaredType=System.Int32 valueType=System.Int32
[DPS Meter][HEAL TRACE] OBJECT MEMBER HeroLoadoutData.skillQ value=1
[DPS Meter][HEAL TRACE] OBJECT MEMBER HeroLoadoutData.skillR declaredType=System.Int32 valueType=System.Int32
[DPS Meter][HEAL TRACE] OBJECT MEMBER HeroLoadoutData.skillR value=0
[DPS Meter][HEAL TRACE] OBJECT MEMBER HeroLoadoutData.skillTrait declaredType=System.Int32 valueType=System.Int32
[DPS Meter][HEAL TRACE] OBJECT MEMBER HeroLoadoutData.skillTrait value=0
[DPS Meter][HEAL TRACE] OBJECT MEMBER HeroLoadoutData.skillMovement declaredType=System.Int32 valueType=System.Int32
[DPS Meter][HEAL TRACE] OBJECT MEMBER HeroLoadoutData.skillMovement value=0
[DPS Meter][HEAL TRACE] OBJECT MEMBER HeroLoadoutData.cDestruction declaredType=System.Collections.Generic.List`1[[LoadoutStarItem, Dew.Core, Version=0.0.0.0, Culture=neutral, PublicKeyToken=null]] valueType=System.Collections.Generic.List`1[[LoadoutStarItem, Dew.Core, Version=0.0.0.0, Culture=neutral, PublicKeyToken=null]]
[DPS Meter][HEAL TRACE] OBJECT MEMBER HeroLoadoutData.cDestruction item[0] type=LoadoutStarItem value=LoadoutStarItem
[DPS Meter][HEAL TRACE] OBJECT MEMBER HeroLoadoutData.cDestruction item[1] type=LoadoutStarItem value=LoadoutStarItem
[DPS Meter][HEAL TRACE] OBJECT MEMBER HeroLoadoutData.cDestruction item[2] type=LoadoutStarItem value=LoadoutStarItem
[DPS Meter][HEAL TRACE] OBJECT MEMBER HeroLoadoutData.cDestruction item[3] type=LoadoutStarItem value=LoadoutStarItem
[DPS Meter][HEAL TRACE] OBJECT MEMBER HeroLoadoutData.cDestruction item[4] type=LoadoutStarItem value=LoadoutStarItem
[DPS Meter][HEAL TRACE] OBJECT MEMBER HeroLoadoutData.cLife declaredType=System.Collections.Generic.List`1[[LoadoutStarItem, Dew.Core, Version=0.0.0.0, Culture=neutral, PublicKeyToken=null]] valueType=System.Collections.Generic.List`1[[LoadoutStarItem, Dew.Core, Version=0.0.0.0, Culture=neutral, PublicKeyToken=null]]
[DPS Meter][HEAL TRACE] OBJECT MEMBER HeroLoadoutData.cLife item[0] type=LoadoutStarItem value=LoadoutStarItem
[DPS Meter][HEAL TRACE] OBJECT MEMBER HeroLoadoutData.cLife item[1] type=LoadoutStarItem value=LoadoutStarItem
[DPS Meter][HEAL TRACE] OBJECT MEMBER HeroLoadoutData.cLife item[2] type=LoadoutStarItem value=LoadoutStarItem
[DPS Meter][HEAL TRACE] OBJECT MEMBER HeroLoadoutData.cImagination declaredType=System.Collections.Generic.List`1[[LoadoutStarItem, Dew.Core, Version=0.0.0.0, Culture=neutral, PublicKeyToken=null]] valueType=System.Collections.Generic.List`1[[LoadoutStarItem, Dew.Core, Version=0.0.0.0, Culture=neutral, PublicKeyToken=null]]
[DPS Meter][HEAL TRACE] OBJECT MEMBER HeroLoadoutData.cImagination item[0] type=LoadoutStarItem value=LoadoutStarItem
[DPS Meter][HEAL TRACE] OBJECT MEMBER HeroLoadoutData.cImagination item[1] type=LoadoutStarItem value=LoadoutStarItem
[DPS Meter][HEAL TRACE] OBJECT MEMBER HeroLoadoutData.cImagination item[2] type=LoadoutStarItem value=LoadoutStarItem
[DPS Meter][HEAL TRACE] OBJECT MEMBER HeroLoadoutData.cImagination item[3] type=LoadoutStarItem value=LoadoutStarItem
[DPS Meter][HEAL TRACE] OBJECT MEMBER HeroLoadoutData.cImagination item[4] type=LoadoutStarItem value=LoadoutStarItem
[DPS Meter][HEAL TRACE] OBJECT MEMBER HeroLoadoutData.cImagination item[5] type=LoadoutStarItem value=LoadoutStarItem
[DPS Meter][HEAL TRACE] OBJECT MEMBER HeroLoadoutData.cImagination item[6] type=LoadoutStarItem value=LoadoutStarItem
[DPS Meter][HEAL TRACE] OBJECT MEMBER HeroLoadoutData.cFlexible declaredType=System.Collections.Generic.List`1[[LoadoutStarItem, Dew.Core, Version=0.0.0.0, Culture=neutral, PublicKeyToken=null]] valueType=System.Collections.Generic.List`1[[LoadoutStarItem, Dew.Core, Version=0.0.0.0, Culture=neutral, PublicKeyToken=null]]
[DPS Meter][HEAL TRACE] OBJECT MEMBER HeroLoadoutData.cFlexible item[0] type=LoadoutStarItem value=LoadoutStarItem
[DPS Meter][HEAL TRACE] OBJECT MEMBER HeroLoadoutData.cFlexible item[1] type=LoadoutStarItem value=LoadoutStarItem
[DPS Meter][HEAL TRACE] OBJECT MEMBER HeroLoadoutData.cFlexible item[2] type=LoadoutStarItem value=LoadoutStarItem
Epic Manager: Category - LogHttp Message - 00000229AA203070: invalid HTTP response code received. URL: https://api.epicgames.dev/sdk/v1/default?platformId=WIN, HTTP code: 0, content length: 0, actual payload size: 0
Epic Manager: Category - LogHttp Message - 00000229AA203070: request failed, libcurl error: 7 (Couldn't connect to server)
Epic Manager: Category - LogHttp Message - 00000229AA203070: libcurl info message cache 0 (Hostname api.epicgames.dev was found in DNS cache)
Epic Manager: Category - LogHttp Message - 00000229AA203070: libcurl info message cache 1 (  Trying 104.18.124.108:443...)
Epic Manager: Category - LogHttp Message - 00000229AA203070: libcurl info message cache 2 (Immediate connect fail for 104.18.124.108: Connection refused)
Epic Manager: Category - LogHttp Message - 00000229AA203070: libcurl info message cache 3 (  Trying 104.18.125.108:443...)
Epic Manager: Category - LogHttp Message - 00000229AA203070: libcurl info message cache 4 (Immediate connect fail for 104.18.125.108: Connection refused)
Epic Manager: Category - LogHttp Message - 00000229AA203070: libcurl info message cache 5 (Failed to connect to api.epicgames.dev port 443 after 4 ms: Couldn't connect to server)
Epic Manager: Category - LogHttp Message - 00000229AA203070: libcurl info message cache 6 (Closing connection)
Epic Manager: Category - LogHttp Message - Retry exhausted on https://api.epicgames.dev/sdk/v1/default?platformId=WIN
[DPS Meter][HEAL TRACE] ENTER source=type=Se_Star_L_HealOnAttack name=Se_Star_L_HealOnAttack(Clone)
[DPS Meter][HEAL TRACE] TARGET STAR EFFECT FOUND name=Se_Star_L_HealOnAttack(Clone)
[DPS Meter][HEAL TRACE] SELECTED LOADOUT type=HeroLoadoutData
[DPS Meter][HEAL TRACE] OBJECT SCAN SelectedLoadout type=HeroLoadoutData
[DPS Meter][HEAL TRACE] OBJECT MEMBER HeroLoadoutData.skillQ declaredType=System.Int32 valueType=System.Int32
[DPS Meter][HEAL TRACE] OBJECT MEMBER HeroLoadoutData.skillQ value=1
[DPS Meter][HEAL TRACE] OBJECT MEMBER HeroLoadoutData.skillR declaredType=System.Int32 valueType=System.Int32
[DPS Meter][HEAL TRACE] OBJECT MEMBER HeroLoadoutData.skillR value=0
[DPS Meter][HEAL TRACE] OBJECT MEMBER HeroLoadoutData.skillTrait declaredType=System.Int32 valueType=System.Int32
[DPS Meter][HEAL TRACE] OBJECT MEMBER HeroLoadoutData.skillTrait value=0
[DPS Meter][HEAL TRACE] OBJECT MEMBER HeroLoadoutData.skillMovement declaredType=System.Int32 valueType=System.Int32
[DPS Meter][HEAL TRACE] OBJECT MEMBER HeroLoadoutData.skillMovement value=0
[DPS Meter][HEAL TRACE] OBJECT MEMBER HeroLoadoutData.cDestruction declaredType=System.Collections.Generic.List`1[[LoadoutStarItem, Dew.Core, Version=0.0.0.0, Culture=neutral, PublicKeyToken=null]] valueType=System.Collections.Generic.List`1[[LoadoutStarItem, Dew.Core, Version=0.0.0.0, Culture=neutral, PublicKeyToken=null]]
[DPS Meter][HEAL TRACE] OBJECT MEMBER HeroLoadoutData.cDestruction item[0] type=LoadoutStarItem value=LoadoutStarItem
[DPS Meter][HEAL TRACE] OBJECT MEMBER HeroLoadoutData.cDestruction item[1] type=LoadoutStarItem value=LoadoutStarItem
[DPS Meter][HEAL TRACE] OBJECT MEMBER HeroLoadoutData.cDestruction item[2] type=LoadoutStarItem value=LoadoutStarItem
[DPS Meter][HEAL TRACE] OBJECT MEMBER HeroLoadoutData.cDestruction item[3] type=LoadoutStarItem value=LoadoutStarItem
[DPS Meter][HEAL TRACE] OBJECT MEMBER HeroLoadoutData.cDestruction item[4] type=LoadoutStarItem value=LoadoutStarItem
[DPS Meter][HEAL TRACE] OBJECT MEMBER HeroLoadoutData.cLife declaredType=System.Collections.Generic.List`1[[LoadoutStarItem, Dew.Core, Version=0.0.0.0, Culture=neutral, PublicKeyToken=null]] valueType=System.Collections.Generic.List`1[[LoadoutStarItem, Dew.Core, Version=0.0.0.0, Culture=neutral, PublicKeyToken=null]]
[DPS Meter][HEAL TRACE] OBJECT MEMBER HeroLoadoutData.cLife item[0] type=LoadoutStarItem value=LoadoutStarItem
[DPS Meter][HEAL TRACE] OBJECT MEMBER HeroLoadoutData.cLife item[1] type=LoadoutStarItem value=LoadoutStarItem
[DPS Meter][HEAL TRACE] OBJECT MEMBER HeroLoadoutData.cLife item[2] type=LoadoutStarItem value=LoadoutStarItem
[DPS Meter][HEAL TRACE] OBJECT MEMBER HeroLoadoutData.cImagination declaredType=System.Collections.Generic.List`1[[LoadoutStarItem, Dew.Core, Version=0.0.0.0, Culture=neutral, PublicKeyToken=null]] valueType=System.Collections.Generic.List`1[[LoadoutStarItem, Dew.Core, Version=0.0.0.0, Culture=neutral, PublicKeyToken=null]]
[DPS Meter][HEAL TRACE] OBJECT MEMBER HeroLoadoutData.cImagination item[0] type=LoadoutStarItem value=LoadoutStarItem
[DPS Meter][HEAL TRACE] OBJECT MEMBER HeroLoadoutData.cImagination item[1] type=LoadoutStarItem value=LoadoutStarItem
[DPS Meter][HEAL TRACE] OBJECT MEMBER HeroLoadoutData.cImagination item[2] type=LoadoutStarItem value=LoadoutStarItem
[DPS Meter][HEAL TRACE] OBJECT MEMBER HeroLoadoutData.cImagination item[3] type=LoadoutStarItem value=LoadoutStarItem
[DPS Meter][HEAL TRACE] OBJECT MEMBER HeroLoadoutData.cImagination item[4] type=LoadoutStarItem value=LoadoutStarItem
[DPS Meter][HEAL TRACE] OBJECT MEMBER HeroLoadoutData.cImagination item[5] type=LoadoutStarItem value=LoadoutStarItem
[DPS Meter][HEAL TRACE] OBJECT MEMBER HeroLoadoutData.cImagination item[6] type=LoadoutStarItem value=LoadoutStarItem
[DPS Meter][HEAL TRACE] OBJECT MEMBER HeroLoadoutData.cFlexible declaredType=System.Collections.Generic.List`1[[LoadoutStarItem, Dew.Core, Version=0.0.0.0, Culture=neutral, PublicKeyToken=null]] valueType=System.Collections.Generic.List`1[[LoadoutStarItem, Dew.Core, Version=0.0.0.0, Culture=neutral, PublicKeyToken=null]]
[DPS Meter][HEAL TRACE] OBJECT MEMBER HeroLoadoutData.cFlexible item[0] type=LoadoutStarItem value=LoadoutStarItem
[DPS Meter][HEAL TRACE] OBJECT MEMBER HeroLoadoutData.cFlexible item[1] type=LoadoutStarItem value=LoadoutStarItem
[DPS Meter][HEAL TRACE] OBJECT MEMBER HeroLoadoutData.cFlexible item[2] type=LoadoutStarItem value=LoadoutStarItem
Epic Manager: Category - LogHttp Message - 00000229AA203070: invalid HTTP response code received. URL: https://api.epicgames.dev/sdk/v1/default?platformId=WIN, HTTP code: 0, content length: 0, actual payload size: 0
Epic Manager: Category - LogHttp Message - 00000229AA203070: request failed, libcurl error: 7 (Couldn't connect to server)
Epic Manager: Category - LogHttp Message - 00000229AA203070: libcurl info message cache 0 (Hostname api.epicgames.dev was found in DNS cache)
Epic Manager: Category - LogHttp Message - 00000229AA203070: libcurl info message cache 1 (  Trying 104.18.124.108:443...)
Epic Manager: Category - LogHttp Message - 00000229AA203070: libcurl info message cache 2 (Immediate connect fail for 104.18.124.108: Connection refused)
Epic Manager: Category - LogHttp Message - 00000229AA203070: libcurl info message cache 3 (  Trying 104.18.125.108:443...)
Epic Manager: Category - LogHttp Message - 00000229AA203070: libcurl info message cache 4 (Immediate connect fail for 104.18.125.108: Connection refused)
Epic Manager: Category - LogHttp Message - 00000229AA203070: libcurl info message cache 5 (Failed to connect to api.epicgames.dev port 443 after 4 ms: Couldn't connect to server)
Epic Manager: Category - LogHttp Message - 00000229AA203070: libcurl info message cache 6 (Closing connection)
Epic Manager: Category - LogHttp Message - Retry exhausted on https://api.epicgames.dev/sdk/v1/default?platformId=WIN
Epic Manager: Category - LogHttp Message - 00000229AA203C10: invalid HTTP response code received. URL: https://api.epicgames.dev/telemetry/data/datarouter/api/v1/public/data?SessionID=%7B9C58BC38-4AB0-D50E-77E4-51917568EDA8%7D&AppID=EOSSDK.PhaseRelease.ReleaseBuild&AppVersion=1.19.0.3-49960398%20-%20%2B%2BEOSSDK%2BRelease-1.19.0.3&UserID=&AppEnvironment=Production&UploadType=sdkevents, HTTP code: 0, content length: 0, actual payload size: 0
Epic Manager: Category - LogHttp Message - 00000229AA203C10: request failed, libcurl error: 7 (Couldn't connect to server)
Epic Manager: Category - LogHttp Message - 00000229AA203C10: libcurl info message cache 0 (Hostname api.epicgames.dev was found in DNS cache)
Epic Manager: Category - LogHttp Message - 00000229AA203C10: libcurl info message cache 1 (  Trying 104.18.124.108:443...)
Epic Manager: Category - LogHttp Message - 00000229AA203C10: libcurl info message cache 2 (Immediate connect fail for 104.18.124.108: Connection refused)
Epic Manager: Category - LogHttp Message - 00000229AA203C10: libcurl info message cache 3 (  Trying 104.18.125.108:443...)
Epic Manager: Category - LogHttp Message - 00000229AA203C10: libcurl info message cache 4 (Immediate connect fail for 104.18.125.108: Connection refused)
Epic Manager: Category - LogHttp Message - 00000229AA203C10: libcurl info message cache 5 (Failed to connect to api.epicgames.dev port 443 after 4 ms: Couldn't connect to server)
Epic Manager: Category - LogHttp Message - 00000229AA203C10: libcurl info message cache 6 (Closing connection)
Epic Manager: Category - LogHttp Message - Retry exhausted on https://api.epicgames.dev/telemetry/data/datarouter/api/v1/public/data?SessionID=%7B9C58BC38-4AB0-D50E-77E4-51917568EDA8%7D&AppID=EOSSDK.PhaseRelease.ReleaseBuild&AppVersion=1.19.0.3-49960398%20-%20%2B%2BEOSSDK%2BRelease-1.19.0.3&UserID=&AppEnvironment=Production&UploadType=sdkevents
Epic Manager: Category - LogHttp Message - 00000229AA203070: invalid HTTP response code received. URL: https://api.epicgames.dev/sdk/v1/default?platformId=WIN, HTTP code: 0, content length: 0, actual payload size: 0
Epic Manager: Category - LogHttp Message - 00000229AA203070: request failed, libcurl error: 7 (Couldn't connect to server)
Epic Manager: Category - LogHttp Message - 00000229AA203070: libcurl info message cache 0 (Hostname api.epicgames.dev was found in DNS cache)
Epic Manager: Category - LogHttp Message - 00000229AA203070: libcurl info message cache 1 (  Trying 104.18.124.108:443...)
Epic Manager: Category - LogHttp Message - 00000229AA203070: libcurl info message cache 2 (Immediate connect fail for 104.18.124.108: Connection refused)
Epic Manager: Category - LogHttp Message - 00000229AA203070: libcurl info message cache 3 (  Trying 104.18.125.108:443...)
Epic Manager: Category - LogHttp Message - 00000229AA203070: libcurl info message cache 4 (Immediate connect fail for 104.18.125.108: Connection refused)
Epic Manager: Category - LogHttp Message - 00000229AA203070: libcurl info message cache 5 (Failed to connect to api.epicgames.dev port 443 after 4 ms: Couldn't connect to server)
Epic Manager: Category - LogHttp Message - 00000229AA203070: libcurl info message cache 6 (Closing connection)
Epic Manager: Category - LogHttp Message - Retry exhausted on https://api.epicgames.dev/sdk/v1/default?platformId=WIN
Epic Manager: Category - LogHttp Message - 00000229AA203070: invalid HTTP response code received. URL: https://api.epicgames.dev/sdk/v1/default?platformId=WIN, HTTP code: 0, content length: 0, actual payload size: 0
Epic Manager: Category - LogHttp Message - 00000229AA203070: request failed, libcurl error: 7 (Couldn't connect to server)
Epic Manager: Category - LogHttp Message - 00000229AA203070: libcurl info message cache 0 (Hostname api.epicgames.dev was found in DNS cache)
Epic Manager: Category - LogHttp Message - 00000229AA203070: libcurl info message cache 1 (  Trying 104.18.124.108:443...)
Epic Manager: Category - LogHttp Message - 00000229AA203070: libcurl info message cache 2 (Immediate connect fail for 104.18.124.108: Connection refused)
Epic Manager: Category - LogHttp Message - 00000229AA203070: libcurl info message cache 3 (  Trying 104.18.125.108:443...)
Epic Manager: Category - LogHttp Message - 00000229AA203070: libcurl info message cache 4 (Immediate connect fail for 104.18.125.108: Connection refused)
Epic Manager: Category - LogHttp Message - 00000229AA203070: libcurl info message cache 5 (Failed to connect to api.epicgames.dev port 443 after 4 ms: Couldn't connect to server)
Epic Manager: Category - LogHttp Message - 00000229AA203070: libcurl info message cache 6 (Closing connection)
Epic Manager: Category - LogHttp Message - Retry exhausted on https://api.epicgames.dev/sdk/v1/default?platformId=WIN
Epic Manager: Category - LogHttp Message - 00000229AA203070: invalid HTTP response code received. URL: https://api.epicgames.dev/sdk/v1/default?platformId=WIN, HTTP code: 0, content length: 0, actual payload size: 0
Epic Manager: Category - LogHttp Message - 00000229AA203070: request failed, libcurl error: 7 (Couldn't connect to server)
Epic Manager: Category - LogHttp Message - 00000229AA203070: libcurl info message cache 0 (Hostname api.epicgames.dev was found in DNS cache)
Epic Manager: Category - LogHttp Message - 00000229AA203070: libcurl info message cache 1 (  Trying 104.18.124.108:443...)
Epic Manager: Category - LogHttp Message - 00000229AA203070: libcurl info message cache 2 (Immediate connect fail for 104.18.124.108: Connection refused)
Epic Manager: Category - LogHttp Message - 00000229AA203070: libcurl info message cache 3 (  Trying 104.18.125.108:443...)
Epic Manager: Category - LogHttp Message - 00000229AA203070: libcurl info message cache 4 (Immediate connect fail for 104.18.125.108: Connection refused)
Epic Manager: Category - LogHttp Message - 00000229AA203070: libcurl info message cache 5 (Failed to connect to api.epicgames.dev port 443 after 4 ms: Couldn't connect to server)
Epic Manager: Category - LogHttp Message - 00000229AA203070: libcurl info message cache 6 (Closing connection)
Epic Manager: Category - LogHttp Message - Retry exhausted on https://api.epicgames.dev/sdk/v1/default?platformId=WIN
Curl error 7: getsockname() failed with errno 10022: Invalid arguments
Epic Manager: Category - LogHttp Message - 00000229AA203C10: invalid HTTP response code received. URL: https://api.epicgames.dev/sdk/v1/default?platformId=WIN, HTTP code: 0, content length: 0, actual payload size: 0
Epic Manager: Category - LogHttp Message - 00000229AA203C10: request failed, libcurl error: 7 (Couldn't connect to server)
Epic Manager: Category - LogHttp Message - 00000229AA203C10: libcurl info message cache 0 (Hostname api.epicgames.dev was found in DNS cache)
Epic Manager: Category - LogHttp Message - 00000229AA203C10: libcurl info message cache 1 (  Trying 104.18.124.108:443...)
Epic Manager: Category - LogHttp Message - 00000229AA203C10: libcurl info message cache 2 (Immediate connect fail for 104.18.124.108: Connection refused)
Epic Manager: Category - LogHttp Message - 00000229AA203C10: libcurl info message cache 3 (  Trying 104.18.125.108:443...)
Epic Manager: Category - LogHttp Message - 00000229AA203C10: libcurl info message cache 4 (Immediate connect fail for 104.18.125.108: Connection refused)
Epic Manager: Category - LogHttp Message - 00000229AA203C10: libcurl info message cache 5 (Failed to connect to api.epicgames.dev port 443 after 4 ms: Couldn't connect to server)
Epic Manager: Category - LogHttp Message - 00000229AA203C10: libcurl info message cache 6 (Closing connection)
Epic Manager: Category - LogHttp Message - Retry exhausted on https://api.epicgames.dev/sdk/v1/default?platformId=WIN
Epic Manager: Category - LogHttp Message - 00000229AA203070: invalid HTTP response code received. URL: https://api.epicgames.dev/sdk/v1/default?platformId=WIN, HTTP code: 0, content length: 0, actual payload size: 0
Epic Manager: Category - LogHttp Message - 00000229AA203070: request failed, libcurl error: 7 (Couldn't connect to server)
Epic Manager: Category - LogHttp Message - 00000229AA203070: libcurl info message cache 0 (Hostname api.epicgames.dev was found in DNS cache)
Epic Manager: Category - LogHttp Message - 00000229AA203070: libcurl info message cache 1 (  Trying 104.18.124.108:443...)
Epic Manager: Category - LogHttp Message - 00000229AA203070: libcurl info message cache 2 (Immediate connect fail for 104.18.124.108: Connection refused)
Epic Manager: Category - LogHttp Message - 00000229AA203070: libcurl info message cache 3 (  Trying 104.18.125.108:443...)
Epic Manager: Category - LogHttp Message - 00000229AA203070: libcurl info message cache 4 (Immediate connect fail for 104.18.125.108: Connection refused)
Epic Manager: Category - LogHttp Message - 00000229AA203070: libcurl info message cache 5 (Failed to connect to api.epicgames.dev port 443 after 4 ms: Couldn't connect to server)
Epic Manager: Category - LogHttp Message - 00000229AA203070: libcurl info message cache 6 (Closing connection)
Epic Manager: Category - LogHttp Message - Retry exhausted on https://api.epicgames.dev/sdk/v1/default?platformId=WIN
Epic Manager: Category - LogHttp Message - 00000229AA203070: invalid HTTP response code received. URL: https://api.epicgames.dev/sdk/v1/default?platformId=WIN, HTTP code: 0, content length: 0, actual payload size: 0
Epic Manager: Category - LogHttp Message - 00000229AA203070: request failed, libcurl error: 7 (Couldn't connect to server)
Epic Manager: Category - LogHttp Message - 00000229AA203070: libcurl info message cache 0 (Hostname api.epicgames.dev was found in DNS cache)
Epic Manager: Category - LogHttp Message - 00000229AA203070: libcurl info message cache 1 (  Trying 104.18.124.108:443...)
Epic Manager: Category - LogHttp Message - 00000229AA203070: libcurl info message cache 2 (Immediate connect fail for 104.18.124.108: Connection refused)
Epic Manager: Category - LogHttp Message - 00000229AA203070: libcurl info message cache 3 (  Trying 104.18.125.108:443...)
Epic Manager: Category - LogHttp Message - 00000229AA203070: libcurl info message cache 4 (Immediate connect fail for 104.18.125.108: Connection refused)
Epic Manager: Category - LogHttp Message - 00000229AA203070: libcurl info message cache 5 (Failed to connect to api.epicgames.dev port 443 after 4 ms: Couldn't connect to server)
Epic Manager: Category - LogHttp Message - 00000229AA203070: libcurl info message cache 6 (Closing connection)
Epic Manager: Category - LogHttp Message - Retry exhausted on https://api.epicgames.dev/sdk/v1/default?platformId=WIN
Epic Manager: Category - LogHttp Message - 00000229AA203070: invalid HTTP response code received. URL: https://api.epicgames.dev/sdk/v1/default?platformId=WIN, HTTP code: 0, content length: 0, actual payload size: 0
Epic Manager: Category - LogHttp Message - 00000229AA203070: request failed, libcurl error: 7 (Couldn't connect to server)
Epic Manager: Category - LogHttp Message - 00000229AA203070: libcurl info message cache 0 (Hostname in DNS cache was stale, zapped)
Epic Manager: Category - LogHttp Message - 00000229AA203070: libcurl info message cache 1 (  Trying 104.18.125.108:443...)
Epic Manager: Category - LogHttp Message - 00000229AA203070: libcurl info message cache 2 (Immediate connect fail for 104.18.125.108: Connection refused)
Epic Manager: Category - LogHttp Message - 00000229AA203070: libcurl info message cache 3 (  Trying 104.18.124.108:443...)
Epic Manager: Category - LogHttp Message - 00000229AA203070: libcurl info message cache 4 (Immediate connect fail for 104.18.124.108: Connection refused)
Epic Manager: Category - LogHttp Message - 00000229AA203070: libcurl info message cache 5 (Failed to connect to api.epicgames.dev port 443 after 10 ms: Couldn't connect to server)
Epic Manager: Category - LogHttp Message - 00000229AA203070: libcurl info message cache 6 (Closing connection)
Epic Manager: Category - LogHttp Message - Retry exhausted on https://api.epicgames.dev/sdk/v1/default?platformId=WIN
[DPS Meter] Reset current damage window for node travel 13 -> 14.
Epic Manager: Category - LogHttp Message - 00000229AA203070: invalid HTTP response code received. URL: https://api.epicgames.dev/sdk/v1/default?platformId=WIN, HTTP code: 0, content length: 0, actual payload size: 0
Epic Manager: Category - LogHttp Message - 00000229AA203070: request failed, libcurl error: 7 (Couldn't connect to server)
Epic Manager: Category - LogHttp Message - 00000229AA203070: libcurl info message cache 0 (Hostname api.epicgames.dev was found in DNS cache)
Epic Manager: Category - LogHttp Message - 00000229AA203070: libcurl info message cache 1 (  Trying 104.18.125.108:443...)
Epic Manager: Category - LogHttp Message - 00000229AA203070: libcurl info message cache 2 (Immediate connect fail for 104.18.125.108: Connection refused)
Epic Manager: Category - LogHttp Message - 00000229AA203070: libcurl info message cache 3 (  Trying 104.18.124.108:443...)
Epic Manager: Category - LogHttp Message - 00000229AA203070: libcurl info message cache 4 (Immediate connect fail for 104.18.124.108: Connection refused)
Epic Manager: Category - LogHttp Message - 00000229AA203070: libcurl info message cache 5 (Failed to connect to api.epicgames.dev port 443 after 4 ms: Couldn't connect to server)
Epic Manager: Category - LogHttp Message - 00000229AA203070: libcurl info message cache 6 (Closing connection)
Epic Manager: Category - LogHttp Message - Retry exhausted on https://api.epicgames.dev/sdk/v1/default?platformId=WIN
GetLinkId target Rift_RoomExit has no link type
Failed to create agent because it is not close enough to the NavMesh
Continue data saved.
Unloading 2 Unused Serialized files (Serialized files now loaded: 3)
Unloading 12190 unused Assets to reduce memory usage. Loaded Objects now: 172362.
Total: 84.115700 ms (FindLiveObjects: 9.878100 ms CreateObjectMapping: 2.896000 ms MarkObjects: 59.282600 ms  DeleteObjects: 12.058700 ms)

Unloading 21 Unused Serialized files (Serialized files now loaded: 3)
UnloadTime: 7.711300 ms
Current scene: Room_Despair_Combat_1_3
Deleting old auto-recovery backup: r_continue9e6c41c0-76df-4683-bc0b-180f01821664_3686.json
Created auto-recovery backup 3696 for r_continue9e6c41c0-76df-4683-bc0b-180f01821664
Profile Continue saved.
Unloading 99 unused Assets to reduce memory usage. Loaded Objects now: 182258.
Total: 82.444700 ms (FindLiveObjects: 7.873100 ms CreateObjectMapping: 2.490100 ms MarkObjects: 57.215500 ms  DeleteObjects: 14.865700 ms)

Unloading 1 Unused Serialized files (Serialized files now loaded: 3)
Unloading 0 unused Assets to reduce memory usage. Loaded Objects now: 182258.
Total: 61.325500 ms (FindLiveObjects: 7.900400 ms CreateObjectMapping: 2.453900 ms MarkObjects: 50.823200 ms  DeleteObjects: 0.147700 ms)

Failed to create agent because it is not close enough to the NavMesh
TravelToNode: Start waiting for clients
TravelToNode: All clients are ready
[DewResources] Preload Rule Added by Room_Despair_Combat_1_3: 860 (Nothing changed)
[DewResources] Maintenance Finished: 860 -> 841 (-20) (+1)
Received game result from server. didGameEnd: False
Deleting old auto-recovery backup: r_profile9e6c41c0-76df-4683-bc0b-180f01821664_4122.json
Created auto-recovery backup 4132 for r_profile9e6c41c0-76df-4683-bc0b-180f01821664
Profile Main saved.
Epic Manager: Category - LogHttp Message - 00000229AA2047B0: invalid HTTP response code received. URL: https://api.epicgames.dev/sdk/v1/default?platformId=WIN, HTTP code: 0, content length: 0, actual payload size: 0
Epic Manager: Category - LogHttp Message - 00000229AA2047B0: request failed, libcurl error: 7 (Couldn't connect to server)
Epic Manager: Category - LogHttp Message - 00000229AA2047B0: libcurl info message cache 0 (Hostname api.epicgames.dev was found in DNS cache)
Epic Manager: Category - LogHttp Message - 00000229AA2047B0: libcurl info message cache 1 (  Trying 104.18.125.108:443...)
Epic Manager: Category - LogHttp Message - 00000229AA2047B0: libcurl info message cache 2 (Immediate connect fail for 104.18.125.108: Connection refused)
Epic Manager: Category - LogHttp Message - 00000229AA2047B0: libcurl info message cache 3 (  Trying 104.18.124.108:443...)
Epic Manager: Category - LogHttp Message - 00000229AA2047B0: libcurl info message cache 4 (Immediate connect fail for 104.18.124.108: Connection refused)
Epic Manager: Category - LogHttp Message - 00000229AA2047B0: libcurl info message cache 5 (Failed to connect to api.epicgames.dev port 443 after 4 ms: Couldn't connect to server)
Epic Manager: Category - LogHttp Message - 00000229AA2047B0: libcurl info message cache 6 (Closing connection)
Epic Manager: Category - LogHttp Message - Retry exhausted on https://api.epicgames.dev/sdk/v1/default?platformId=WIN
Epic Manager: Category - LogHttp Message - 00000229AA203070: invalid HTTP response code received. URL: https://api.epicgames.dev/telemetry/data/datarouter/api/v1/public/data?SessionID=%7B9C58BC38-4AB0-D50E-77E4-51917568EDA8%7D&AppID=EOSSDK.PhaseRelease.ReleaseBuild&AppVersion=1.19.0.3-49960398%20-%20%2B%2BEOSSDK%2BRelease-1.19.0.3&UserID=&AppEnvironment=Production&UploadType=sdkevents, HTTP code: 0, content length: 0, actual payload size: 0
Epic Manager: Category - LogHttp Message - 00000229AA203070: request failed, libcurl error: 7 (Couldn't connect to server)
Epic Manager: Category - LogHttp Message - 00000229AA203070: libcurl info message cache 0 (Hostname api.epicgames.dev was found in DNS cache)
Epic Manager: Category - LogHttp Message - 00000229AA203070: libcurl info message cache 1 (  Trying 104.18.125.108:443...)
Epic Manager: Category - LogHttp Message - 00000229AA203070: libcurl info message cache 2 (Immediate connect fail for 104.18.125.108: Connection refused)
Epic Manager: Category - LogHttp Message - 00000229AA203070: libcurl info message cache 3 (  Trying 104.18.124.108:443...)
Epic Manager: Category - LogHttp Message - 00000229AA203070: libcurl info message cache 4 (Immediate connect fail for 104.18.124.108: Connection refused)
Epic Manager: Category - LogHttp Message - 00000229AA203070: libcurl info message cache 5 (Failed to connect to api.epicgames.dev port 443 after 4 ms: Couldn't connect to server)
Epic Manager: Category - LogHttp Message - 00000229AA203070: libcurl info message cache 6 (Closing connection)
Epic Manager: Category - LogHttp Message - Retry exhausted on https://api.epicgames.dev/telemetry/data/datarouter/api/v1/public/data?SessionID=%7B9C58BC38-4AB0-D50E-77E4-51917568EDA8%7D&AppID=EOSSDK.PhaseRelease.ReleaseBuild&AppVersion=1.19.0.3-49960398%20-%20%2B%2BEOSSDK%2BRelease-1.19.0.3&UserID=&AppEnvironment=Production&UploadType=sdkevents
Epic Manager: Category - LogHttp Message - 00000229AA203070: invalid HTTP response code received. URL: https://api.epicgames.dev/sdk/v1/default?platformId=WIN, HTTP code: 0, content length: 0, actual payload size: 0
Epic Manager: Category - LogHttp Message - 00000229AA203070: request failed, libcurl error: 7 (Couldn't connect to server)
Epic Manager: Category - LogHttp Message - 00000229AA203070: libcurl info message cache 0 (Hostname api.epicgames.dev was found in DNS cache)
Epic Manager: Category - LogHttp Message - 00000229AA203070: libcurl info message cache 1 (  Trying 104.18.125.108:443...)
Epic Manager: Category - LogHttp Message - 00000229AA203070: libcurl info message cache 2 (Immediate connect fail for 104.18.125.108: Connection refused)
Epic Manager: Category - LogHttp Message - 00000229AA203070: libcurl info message cache 3 (  Trying 104.18.124.108:443...)
Epic Manager: Category - LogHttp Message - 00000229AA203070: libcurl info message cache 4 (Immediate connect fail for 104.18.124.108: Connection refused)
Epic Manager: Category - LogHttp Message - 00000229AA203070: libcurl info message cache 5 (Failed to connect to api.epicgames.dev port 443 after 4 ms: Couldn't connect to server)
Epic Manager: Category - LogHttp Message - 00000229AA203070: libcurl info message cache 6 (Closing connection)
Epic Manager: Category - LogHttp Message - Retry exhausted on https://api.epicgames.dev/sdk/v1/default?platformId=WIN
Epic Manager: Category - LogHttp Message - 00000229AA203070: invalid HTTP response code received. URL: https://api.epicgames.dev/sdk/v1/default?platformId=WIN, HTTP code: 0, content length: 0, actual payload size: 0
Epic Manager: Category - LogHttp Message - 00000229AA203070: request failed, libcurl error: 7 (Couldn't connect to server)
Epic Manager: Category - LogHttp Message - 00000229AA203070: libcurl info message cache 0 (Hostname api.epicgames.dev was found in DNS cache)
Epic Manager: Category - LogHttp Message - 00000229AA203070: libcurl info message cache 1 (  Trying 104.18.125.108:443...)
Epic Manager: Category - LogHttp Message - 00000229AA203070: libcurl info message cache 2 (Immediate connect fail for 104.18.125.108: Connection refused)
Epic Manager: Category - LogHttp Message - 00000229AA203070: libcurl info message cache 3 (  Trying 104.18.124.108:443...)
Epic Manager: Category - LogHttp Message - 00000229AA203070: libcurl info message cache 4 (Immediate connect fail for 104.18.124.108: Connection refused)
Epic Manager: Category - LogHttp Message - 00000229AA203070: libcurl info message cache 5 (Failed to connect to api.epicgames.dev port 443 after 4 ms: Couldn't connect to server)
Epic Manager: Category - LogHttp Message - 00000229AA203070: libcurl info message cache 6 (Closing connection)
Epic Manager: Category - LogHttp Message - Retry exhausted on https://api.epicgames.dev/sdk/v1/default?platformId=WIN
Epic Manager: Category - LogHttp Message - 00000229AA203070: invalid HTTP response code received. URL: https://api.epicgames.dev/sdk/v1/default?platformId=WIN, HTTP code: 0, content length: 0, actual payload size: 0
Epic Manager: Category - LogHttp Message - 00000229AA203070: request failed, libcurl error: 7 (Couldn't connect to server)
Epic Manager: Category - LogHttp Message - 00000229AA203070: libcurl info message cache 0 (Hostname api.epicgames.dev was found in DNS cache)
Epic Manager: Category - LogHttp Message - 00000229AA203070: libcurl info message cache 1 (  Trying 104.18.125.108:443...)
Epic Manager: Category - LogHttp Message - 00000229AA203070: libcurl info message cache 2 (Immediate connect fail for 104.18.125.108: Connection refused)
Epic Manager: Category - LogHttp Message - 00000229AA203070: libcurl info message cache 3 (  Trying 104.18.124.108:443...)
Epic Manager: Category - LogHttp Message - 00000229AA203070: libcurl info message cache 4 (Immediate connect fail for 104.18.124.108: Connection refused)
Epic Manager: Category - LogHttp Message - 00000229AA203070: libcurl info message cache 5 (Failed to connect to api.epicgames.dev port 443 after 4 ms: Couldn't connect to server)
Epic Manager: Category - LogHttp Message - 00000229AA203070: libcurl info message cache 6 (Closing connection)
Epic Manager: Category - LogHttp Message - Retry exhausted on https://api.epicgames.dev/sdk/v1/default?platformId=WIN
Epic Manager: Category - LogHttp Message - 00000229AA203070: invalid HTTP response code received. URL: https://api.epicgames.dev/sdk/v1/default?platformId=WIN, HTTP code: 0, content length: 0, actual payload size: 0
Epic Manager: Category - LogHttp Message - 00000229AA203070: request failed, libcurl error: 7 (Couldn't connect to server)
Epic Manager: Category - LogHttp Message - 00000229AA203070: libcurl info message cache 0 (Hostname api.epicgames.dev was found in DNS cache)
Epic Manager: Category - LogHttp Message - 00000229AA203070: libcurl info message cache 1 (  Trying 104.18.125.108:443...)
Epic Manager: Category - LogHttp Message - 00000229AA203070: libcurl info message cache 2 (Immediate connect fail for 104.18.125.108: Connection refused)
Epic Manager: Category - LogHttp Message - 00000229AA203070: libcurl info message cache 3 (  Trying 104.18.124.108:443...)
Epic Manager: Category - LogHttp Message - 00000229AA203070: libcurl info message cache 4 (Immediate connect fail for 104.18.124.108: Connection refused)
Epic Manager: Category - LogHttp Message - 00000229AA203070: libcurl info message cache 5 (Failed to connect to api.epicgames.dev port 443 after 4 ms: Couldn't connect to server)
Epic Manager: Category - LogHttp Message - 00000229AA203070: libcurl info message cache 6 (Closing connection)
Epic Manager: Category - LogHttp Message - Retry exhausted on https://api.epicgames.dev/sdk/v1/default?platformId=WIN
Epic Manager: Category - LogHttp Message - 00000229AA2047B0: invalid HTTP response code received. URL: https://api.epicgames.dev/sdk/v1/default?platformId=WIN, HTTP code: 0, content length: 0, actual payload size: 0
Epic Manager: Category - LogHttp Message - 00000229AA2047B0: request failed, libcurl error: 7 (Couldn't connect to server)
Epic Manager: Category - LogHttp Message - 00000229AA2047B0: libcurl info message cache 0 (Hostname api.epicgames.dev was found in DNS cache)
Epic Manager: Category - LogHttp Message - 00000229AA2047B0: libcurl info message cache 1 (  Trying 104.18.125.108:443...)
Epic Manager: Category - LogHttp Message - 00000229AA2047B0: libcurl info message cache 2 (Immediate connect fail for 104.18.125.108: Connection refused)
Epic Manager: Category - LogHttp Message - 00000229AA2047B0: libcurl info message cache 3 (  Trying 104.18.124.108:443...)
Epic Manager: Category - LogHttp Message - 00000229AA2047B0: libcurl info message cache 4 (Immediate connect fail for 104.18.124.108: Connection refused)
Epic Manager: Category - LogHttp Message - 00000229AA2047B0: libcurl info message cache 5 (Failed to connect to api.epicgames.dev port 443 after 4 ms: Couldn't connect to server)
Epic Manager: Category - LogHttp Message - 00000229AA2047B0: libcurl info message cache 6 (Closing connection)
Epic Manager: Category - LogHttp Message - Retry exhausted on https://api.epicgames.dev/sdk/v1/default?platformId=WIN
Epic Manager: Category - LogHttp Message - 00000229AA2047B0: invalid HTTP response code received. URL: https://api.epicgames.dev/sdk/v1/default?platformId=WIN, HTTP code: 0, content length: 0, actual payload size: 0
Epic Manager: Category - LogHttp Message - 00000229AA2047B0: request failed, libcurl error: 7 (Couldn't connect to server)
Epic Manager: Category - LogHttp Message - 00000229AA2047B0: libcurl info message cache 0 (Hostname api.epicgames.dev was found in DNS cache)
Epic Manager: Category - LogHttp Message - 00000229AA2047B0: libcurl info message cache 1 (  Trying 104.18.125.108:443...)
Epic Manager: Category - LogHttp Message - 00000229AA2047B0: libcurl info message cache 2 (Immediate connect fail for 104.18.125.108: Connection refused)
Epic Manager: Category - LogHttp Message - 00000229AA2047B0: libcurl info message cache 3 (  Trying 104.18.124.108:443...)
Epic Manager: Category - LogHttp Message - 00000229AA2047B0: libcurl info message cache 4 (Immediate connect fail for 104.18.124.108: Connection refused)
Epic Manager: Category - LogHttp Message - 00000229AA2047B0: libcurl info message cache 5 (Failed to connect to api.epicgames.dev port 443 after 4 ms: Couldn't connect to server)
Epic Manager: Category - LogHttp Message - 00000229AA2047B0: libcurl info message cache 6 (Closing connection)
Epic Manager: Category - LogHttp Message - Retry exhausted on https://api.epicgames.dev/sdk/v1/default?platformId=WIN
Epic Manager: Category - LogHttp Message - 00000229AA204D80: invalid HTTP response code received. URL: https://api.epicgames.dev/sdk/v1/default?platformId=WIN, HTTP code: 0, content length: 0, actual payload size: 0
Epic Manager: Category - LogHttp Message - 00000229AA204D80: request failed, libcurl error: 7 (Couldn't connect to server)
Epic Manager: Category - LogHttp Message - 00000229AA204D80: libcurl info message cache 0 (Hostname in DNS cache was stale, zapped)
Epic Manager: Category - LogHttp Message - 00000229AA204D80: libcurl info message cache 1 (  Trying 104.18.124.108:443...)
Epic Manager: Category - LogHttp Message - 00000229AA204D80: libcurl info message cache 2 (Immediate connect fail for 104.18.124.108: Connection refused)
Epic Manager: Category - LogHttp Message - 00000229AA204D80: libcurl info message cache 3 (  Trying 104.18.125.108:443...)
Epic Manager: Category - LogHttp Message - 00000229AA204D80: libcurl info message cache 4 (Immediate connect fail for 104.18.125.108: Connection refused)
Epic Manager: Category - LogHttp Message - 00000229AA204D80: libcurl info message cache 5 (Failed to connect to api.epicgames.dev port 443 after 13 ms: Couldn't connect to server)
Epic Manager: Category - LogHttp Message - 00000229AA204D80: libcurl info message cache 6 (Closing connection)
Epic Manager: Category - LogHttp Message - Retry exhausted on https://api.epicgames.dev/sdk/v1/default?platformId=WIN
Epic Manager: Category - LogHttp Message - 00000229AA203070: invalid HTTP response code received. URL: https://api.epicgames.dev/sdk/v1/default?platformId=WIN, HTTP code: 0, content length: 0, actual payload size: 0
Epic Manager: Category - LogHttp Message - 00000229AA203070: request failed, libcurl error: 7 (Couldn't connect to server)
Epic Manager: Category - LogHttp Message - 00000229AA203070: libcurl info message cache 0 (Hostname api.epicgames.dev was found in DNS cache)
Epic Manager: Category - LogHttp Message - 00000229AA203070: libcurl info message cache 1 (  Trying 104.18.124.108:443...)
Epic Manager: Category - LogHttp Message - 00000229AA203070: libcurl info message cache 2 (Immediate connect fail for 104.18.124.108: Connection refused)
Epic Manager: Category - LogHttp Message - 00000229AA203070: libcurl info message cache 3 (  Trying 104.18.125.108:443...)
Epic Manager: Category - LogHttp Message - 00000229AA203070: libcurl info message cache 4 (Immediate connect fail for 104.18.125.108: Connection refused)
Epic Manager: Category - LogHttp Message - 00000229AA203070: libcurl info message cache 5 (Failed to connect to api.epicgames.dev port 443 after 4 ms: Couldn't connect to server)
Epic Manager: Category - LogHttp Message - 00000229AA203070: libcurl info message cache 6 (Closing connection)
Epic Manager: Category - LogHttp Message - Retry exhausted on https://api.epicgames.dev/sdk/v1/default?platformId=WIN
Epic Manager: Category - LogHttp Message - 00000229AA203070: invalid HTTP response code received. URL: https://api.epicgames.dev/sdk/v1/default?platformId=WIN, HTTP code: 0, content length: 0, actual payload size: 0
Epic Manager: Category - LogHttp Message - 00000229AA203070: request failed, libcurl error: 7 (Couldn't connect to server)
Epic Manager: Category - LogHttp Message - 00000229AA203070: libcurl info message cache 0 (Hostname api.epicgames.dev was found in DNS cache)
Epic Manager: Category - LogHttp Message - 00000229AA203070: libcurl info message cache 1 (  Trying 104.18.124.108:443...)
Epic Manager: Category - LogHttp Message - 00000229AA203070: libcurl info message cache 2 (Immediate connect fail for 104.18.124.108: Connection refused)
Epic Manager: Category - LogHttp Message - 00000229AA203070: libcurl info message cache 3 (  Trying 104.18.125.108:443...)
Epic Manager: Category - LogHttp Message - 00000229AA203070: libcurl info message cache 4 (Immediate connect fail for 104.18.125.108: Connection refused)
Epic Manager: Category - LogHttp Message - 00000229AA203070: libcurl info message cache 5 (Failed to connect to api.epicgames.dev port 443 after 4 ms: Couldn't connect to server)
Epic Manager: Category - LogHttp Message - 00000229AA203070: libcurl info message cache 6 (Closing connection)
Epic Manager: Category - LogHttp Message - Retry exhausted on https://api.epicgames.dev/sdk/v1/default?platformId=WIN
Epic Manager: Category - LogHttp Message - 00000229AA203070: invalid HTTP response code received. URL: https://api.epicgames.dev/telemetry/data/datarouter/api/v1/public/data?SessionID=%7B9C58BC38-4AB0-D50E-77E4-51917568EDA8%7D&AppID=EOSSDK.PhaseRelease.ReleaseBuild&AppVersion=1.19.0.3-49960398%20-%20%2B%2BEOSSDK%2BRelease-1.19.0.3&UserID=&AppEnvironment=Production&UploadType=sdkevents, HTTP code: 0, content length: 0, actual payload size: 0
Epic Manager: Category - LogHttp Message - 00000229AA203070: request failed, libcurl error: 7 (Couldn't connect to server)
Epic Manager: Category - LogHttp Message - 00000229AA203070: libcurl info message cache 0 (Hostname api.epicgames.dev was found in DNS cache)
Epic Manager: Category - LogHttp Message - 00000229AA203070: libcurl info message cache 1 (  Trying 104.18.124.108:443...)
Epic Manager: Category - LogHttp Message - 00000229AA203070: libcurl info message cache 2 (Immediate connect fail for 104.18.124.108: Connection refused)
Epic Manager: Category - LogHttp Message - 00000229AA203070: libcurl info message cache 3 (  Trying 104.18.125.108:443...)
Epic Manager: Category - LogHttp Message - 00000229AA203070: libcurl info message cache 4 (Immediate connect fail for 104.18.125.108: Connection refused)
Epic Manager: Category - LogHttp Message - 00000229AA203070: libcurl info message cache 5 (Failed to connect to api.epicgames.dev port 443 after 4 ms: Couldn't connect to server)
Epic Manager: Category - LogHttp Message - 00000229AA203070: libcurl info message cache 6 (Closing connection)
Epic Manager: Category - LogHttp Message - Retry exhausted on https://api.epicgames.dev/telemetry/data/datarouter/api/v1/public/data?SessionID=%7B9C58BC38-4AB0-D50E-77E4-51917568EDA8%7D&AppID=EOSSDK.PhaseRelease.ReleaseBuild&AppVersion=1.19.0.3-49960398%20-%20%2B%2BEOSSDK%2BRelease-1.19.0.3&UserID=&AppEnvironment=Production&UploadType=sdkevents
Epic Manager: Category - LogHttp Message - 00000229AA203070: invalid HTTP response code received. URL: https://api.epicgames.dev/sdk/v1/default?platformId=WIN, HTTP code: 0, content length: 0, actual payload size: 0
Epic Manager: Category - LogHttp Message - 00000229AA203070: request failed, libcurl error: 7 (Couldn't connect to server)
Epic Manager: Category - LogHttp Message - 00000229AA203070: libcurl info message cache 0 (Hostname api.epicgames.dev was found in DNS cache)
Epic Manager: Category - LogHttp Message - 00000229AA203070: libcurl info message cache 1 (  Trying 104.18.124.108:443...)
Epic Manager: Category - LogHttp Message - 00000229AA203070: libcurl info message cache 2 (Immediate connect fail for 104.18.124.108: Connection refused)
Epic Manager: Category - LogHttp Message - 00000229AA203070: libcurl info message cache 3 (  Trying 104.18.125.108:443...)
Epic Manager: Category - LogHttp Message - 00000229AA203070: libcurl info message cache 4 (Immediate connect fail for 104.18.125.108: Connection refused)
Epic Manager: Category - LogHttp Message - 00000229AA203070: libcurl info message cache 5 (Failed to connect to api.epicgames.dev port 443 after 4 ms: Couldn't connect to server)
Epic Manager: Category - LogHttp Message - 00000229AA203070: libcurl info message cache 6 (Closing connection)
Epic Manager: Category - LogHttp Message - Retry exhausted on https://api.epicgames.dev/sdk/v1/default?platformId=WIN
Epic Manager: Category - LogHttp Message - 00000229AA203070: invalid HTTP response code received. URL: https://api.epicgames.dev/sdk/v1/default?platformId=WIN, HTTP code: 0, content length: 0, actual payload size: 0
Epic Manager: Category - LogHttp Message - 00000229AA203070: request failed, libcurl error: 7 (Couldn't connect to server)
Epic Manager: Category - LogHttp Message - 00000229AA203070: libcurl info message cache 0 (Hostname api.epicgames.dev was found in DNS cache)
Epic Manager: Category - LogHttp Message - 00000229AA203070: libcurl info message cache 1 (  Trying 104.18.124.108:443...)
Epic Manager: Category - LogHttp Message - 00000229AA203070: libcurl info message cache 2 (Immediate connect fail for 104.18.124.108: Connection refused)
Epic Manager: Category - LogHttp Message - 00000229AA203070: libcurl info message cache 3 (  Trying 104.18.125.108:443...)
Epic Manager: Category - LogHttp Message - 00000229AA203070: libcurl info message cache 4 (Immediate connect fail for 104.18.125.108: Connection refused)
Epic Manager: Category - LogHttp Message - 00000229AA203070: libcurl info message cache 5 (Failed to connect to api.epicgames.dev port 443 after 4 ms: Couldn't connect to server)
Epic Manager: Category - LogHttp Message - 00000229AA203070: libcurl info message cache 6 (Closing connection)
Epic Manager: Category - LogHttp Message - Retry exhausted on https://api.epicgames.dev/sdk/v1/default?platformId=WIN
Epic Manager: Category - LogHttp Message - 00000229AA203070: invalid HTTP response code received. URL: https://api.epicgames.dev/sdk/v1/default?platformId=WIN, HTTP code: 0, content length: 0, actual payload size: 0
Epic Manager: Category - LogHttp Message - 00000229AA203070: request failed, libcurl error: 7 (Couldn't connect to server)
Epic Manager: Category - LogHttp Message - 00000229AA203070: libcurl info message cache 0 (Hostname api.epicgames.dev was found in DNS cache)
Epic Manager: Category - LogHttp Message - 00000229AA203070: libcurl info message cache 1 (  Trying 104.18.124.108:443...)
Epic Manager: Category - LogHttp Message - 00000229AA203070: libcurl info message cache 2 (Immediate connect fail for 104.18.124.108: Connection refused)
Epic Manager: Category - LogHttp Message - 00000229AA203070: libcurl info message cache 3 (  Trying 104.18.125.108:443...)
Epic Manager: Category - LogHttp Message - 00000229AA203070: libcurl info message cache 4 (Immediate connect fail for 104.18.125.108: Connection refused)
Epic Manager: Category - LogHttp Message - 00000229AA203070: libcurl info message cache 5 (Failed to connect to api.epicgames.dev port 443 after 4 ms: Couldn't connect to server)
Epic Manager: Category - LogHttp Message - 00000229AA203070: libcurl info message cache 6 (Closing connection)
Epic Manager: Category - LogHttp Message - Retry exhausted on https://api.epicgames.dev/sdk/v1/default?platformId=WIN
Epic Manager: Category - LogHttp Message - 00000229AA2047B0: invalid HTTP response code received. URL: https://api.epicgames.dev/sdk/v1/default?platformId=WIN, HTTP code: 0, content length: 0, actual payload size: 0
Epic Manager: Category - LogHttp Message - 00000229AA2047B0: request failed, libcurl error: 7 (Couldn't connect to server)
Epic Manager: Category - LogHttp Message - 00000229AA2047B0: libcurl info message cache 0 (Hostname api.epicgames.dev was found in DNS cache)
Epic Manager: Category - LogHttp Message - 00000229AA2047B0: libcurl info message cache 1 (  Trying 104.18.124.108:443...)
Epic Manager: Category - LogHttp Message - 00000229AA2047B0: libcurl info message cache 2 (Immediate connect fail for 104.18.124.108: Connection refused)
Epic Manager: Category - LogHttp Message - 00000229AA2047B0: libcurl info message cache 3 (  Trying 104.18.125.108:443...)
Epic Manager: Category - LogHttp Message - 00000229AA2047B0: libcurl info message cache 4 (Immediate connect fail for 104.18.125.108: Connection refused)
Epic Manager: Category - LogHttp Message - 00000229AA2047B0: libcurl info message cache 5 (Failed to connect to api.epicgames.dev port 443 after 4 ms: Couldn't connect to server)
Epic Manager: Category - LogHttp Message - 00000229AA2047B0: libcurl info message cache 6 (Closing connection)
Epic Manager: Category - LogHttp Message - Retry exhausted on https://api.epicgames.dev/sdk/v1/default?platformId=WIN
Epic Manager: Category - LogHttp Message - 00000229AA2047B0: invalid HTTP response code received. URL: https://api.epicgames.dev/sdk/v1/default?platformId=WIN, HTTP code: 0, content length: 0, actual payload size: 0
Epic Manager: Category - LogHttp Message - 00000229AA2047B0: request failed, libcurl error: 7 (Couldn't connect to server)
Epic Manager: Category - LogHttp Message - 00000229AA2047B0: libcurl info message cache 0 (Hostname api.epicgames.dev was found in DNS cache)
Epic Manager: Category - LogHttp Message - 00000229AA2047B0: libcurl info message cache 1 (  Trying 104.18.124.108:443...)
Epic Manager: Category - LogHttp Message - 00000229AA2047B0: libcurl info message cache 2 (Immediate connect fail for 104.18.124.108: Connection refused)
Epic Manager: Category - LogHttp Message - 00000229AA2047B0: libcurl info message cache 3 (  Trying 104.18.125.108:443...)
Epic Manager: Category - LogHttp Message - 00000229AA2047B0: libcurl info message cache 4 (Immediate connect fail for 104.18.125.108: Connection refused)
Epic Manager: Category - LogHttp Message - 00000229AA2047B0: libcurl info message cache 5 (Failed to connect to api.epicgames.dev port 443 after 4 ms: Couldn't connect to server)
Epic Manager: Category - LogHttp Message - 00000229AA2047B0: libcurl info message cache 6 (Closing connection)
Epic Manager: Category - LogHttp Message - Retry exhausted on https://api.epicgames.dev/sdk/v1/default?platformId=WIN
Epic Manager: Category - LogHttp Message - 00000229AA203070: invalid HTTP response code received. URL: https://api.epicgames.dev/sdk/v1/default?platformId=WIN, HTTP code: 0, content length: 0, actual payload size: 0
Epic Manager: Category - LogHttp Message - 00000229AA203070: request failed, libcurl error: 7 (Couldn't connect to server)
Epic Manager: Category - LogHttp Message - 00000229AA203070: libcurl info message cache 0 (Hostname api.epicgames.dev was found in DNS cache)
Epic Manager: Category - LogHttp Message - 00000229AA203070: libcurl info message cache 1 (  Trying 104.18.124.108:443...)
Epic Manager: Category - LogHttp Message - 00000229AA203070: libcurl info message cache 2 (Immediate connect fail for 104.18.124.108: Connection refused)
Epic Manager: Category - LogHttp Message - 00000229AA203070: libcurl info message cache 3 (  Trying 104.18.125.108:443...)
Epic Manager: Category - LogHttp Message - 00000229AA203070: libcurl info message cache 4 (Immediate connect fail for 104.18.125.108: Connection refused)
Epic Manager: Category - LogHttp Message - 00000229AA203070: libcurl info message cache 5 (Failed to connect to api.epicgames.dev port 443 after 4 ms: Couldn't connect to server)
Epic Manager: Category - LogHttp Message - 00000229AA203070: libcurl info message cache 6 (Closing connection)
Epic Manager: Category - LogHttp Message - Retry exhausted on https://api.epicgames.dev/sdk/v1/default?platformId=WIN
Epic Manager: Category - LogHttp Message - 00000229AA2047B0: invalid HTTP response code received. URL: https://api.epicgames.dev/sdk/v1/default?platformId=WIN, HTTP code: 0, content length: 0, actual payload size: 0
Epic Manager: Category - LogHttp Message - 00000229AA2047B0: request failed, libcurl error: 7 (Couldn't connect to server)
Epic Manager: Category - LogHttp Message - 00000229AA2047B0: libcurl info message cache 0 (Hostname in DNS cache was stale, zapped)
Epic Manager: Category - LogHttp Message - 00000229AA2047B0: libcurl info message cache 1 (  Trying 104.18.124.108:443...)
Epic Manager: Category - LogHttp Message - 00000229AA2047B0: libcurl info message cache 2 (Immediate connect fail for 104.18.124.108: Connection refused)
Epic Manager: Category - LogHttp Message - 00000229AA2047B0: libcurl info message cache 3 (  Trying 104.18.125.108:443...)
Epic Manager: Category - LogHttp Message - 00000229AA2047B0: libcurl info message cache 4 (Immediate connect fail for 104.18.125.108: Connection refused)
Epic Manager: Category - LogHttp Message - 00000229AA2047B0: libcurl info message cache 5 (Failed to connect to api.epicgames.dev port 443 after 13 ms: Couldn't connect to server)
Epic Manager: Category - LogHttp Message - 00000229AA2047B0: libcurl info message cache 6 (Closing connection)
Epic Manager: Category - LogHttp Message - Retry exhausted on https://api.epicgames.dev/sdk/v1/default?platformId=WIN
Epic Manager: Category - LogHttp Message - 00000229AA203070: invalid HTTP response code received. URL: https://api.epicgames.dev/sdk/v1/default?platformId=WIN, HTTP code: 0, content length: 0, actual payload size: 0
Epic Manager: Category - LogHttp Message - 00000229AA203070: request failed, libcurl error: 7 (Couldn't connect to server)
Epic Manager: Category - LogHttp Message - 00000229AA203070: libcurl info message cache 0 (Hostname api.epicgames.dev was found in DNS cache)
Epic Manager: Category - LogHttp Message - 00000229AA203070: libcurl info message cache 1 (  Trying 104.18.124.108:443...)
Epic Manager: Category - LogHttp Message - 00000229AA203070: libcurl info message cache 2 (Immediate connect fail for 104.18.124.108: Connection refused)
Epic Manager: Category - LogHttp Message - 00000229AA203070: libcurl info message cache 3 (  Trying 104.18.125.108:443...)
Epic Manager: Category - LogHttp Message - 00000229AA203070: libcurl info message cache 4 (Immediate connect fail for 104.18.125.108: Connection refused)
Epic Manager: Category - LogHttp Message - 00000229AA203070: libcurl info message cache 5 (Failed to connect to api.epicgames.dev port 443 after 4 ms: Couldn't connect to server)
Epic Manager: Category - LogHttp Message - 00000229AA203070: libcurl info message cache 6 (Closing connection)
Epic Manager: Category - LogHttp Message - Retry exhausted on https://api.epicgames.dev/sdk/v1/default?platformId=WIN
Epic Manager: Category - LogHttp Message - 00000229AA203070: invalid HTTP response code received. URL: https://api.epicgames.dev/telemetry/data/datarouter/api/v1/public/data?SessionID=%7B9C58BC38-4AB0-D50E-77E4-51917568EDA8%7D&AppID=EOSSDK.PhaseRelease.ReleaseBuild&AppVersion=1.19.0.3-49960398%20-%20%2B%2BEOSSDK%2BRelease-1.19.0.3&UserID=&AppEnvironment=Production&UploadType=sdkevents, HTTP code: 0, content length: 0, actual payload size: 0
Epic Manager: Category - LogHttp Message - 00000229AA203070: request failed, libcurl error: 7 (Couldn't connect to server)
Epic Manager: Category - LogHttp Message - 00000229AA203070: libcurl info message cache 0 (Hostname api.epicgames.dev was found in DNS cache)
Epic Manager: Category - LogHttp Message - 00000229AA203070: libcurl info message cache 1 (  Trying 104.18.124.108:443...)
Epic Manager: Category - LogHttp Message - 00000229AA203070: libcurl info message cache 2 (Immediate connect fail for 104.18.124.108: Connection refused)
Epic Manager: Category - LogHttp Message - 00000229AA203070: libcurl info message cache 3 (  Trying 104.18.125.108:443...)
Epic Manager: Category - LogHttp Message - 00000229AA203070: libcurl info message cache 4 (Immediate connect fail for 104.18.125.108: Connection refused)
Epic Manager: Category - LogHttp Message - 00000229AA203070: libcurl info message cache 5 (Failed to connect to api.epicgames.dev port 443 after 4 ms: Couldn't connect to server)
Epic Manager: Category - LogHttp Message - 00000229AA203070: libcurl info message cache 6 (Closing connection)
Epic Manager: Category - LogHttp Message - Retry exhausted on https://api.epicgames.dev/telemetry/data/datarouter/api/v1/public/data?SessionID=%7B9C58BC38-4AB0-D50E-77E4-51917568EDA8%7D&AppID=EOSSDK.PhaseRelease.ReleaseBuild&AppVersion=1.19.0.3-49960398%20-%20%2B%2BEOSSDK%2BRelease-1.19.0.3&UserID=&AppEnvironment=Production&UploadType=sdkevents
Epic Manager: Category - LogHttp Message - 00000229AA203070: invalid HTTP response code received. URL: https://api.epicgames.dev/sdk/v1/default?platformId=WIN, HTTP code: 0, content length: 0, actual payload size: 0
Epic Manager: Category - LogHttp Message - 00000229AA203070: request failed, libcurl error: 7 (Couldn't connect to server)
Epic Manager: Category - LogHttp Message - 00000229AA203070: libcurl info message cache 0 (Hostname api.epicgames.dev was found in DNS cache)
Epic Manager: Category - LogHttp Message - 00000229AA203070: libcurl info message cache 1 (  Trying 104.18.124.108:443...)
Epic Manager: Category - LogHttp Message - 00000229AA203070: libcurl info message cache 2 (Immediate connect fail for 104.18.124.108: Connection refused)
Epic Manager: Category - LogHttp Message - 00000229AA203070: libcurl info message cache 3 (  Trying 104.18.125.108:443...)
Epic Manager: Category - LogHttp Message - 00000229AA203070: libcurl info message cache 4 (Immediate connect fail for 104.18.125.108: Connection refused)
Epic Manager: Category - LogHttp Message - 00000229AA203070: libcurl info message cache 5 (Failed to connect to api.epicgames.dev port 443 after 4 ms: Couldn't connect to server)
Epic Manager: Category - LogHttp Message - 00000229AA203070: libcurl info message cache 6 (Closing connection)
Epic Manager: Category - LogHttp Message - Retry exhausted on https://api.epicgames.dev/sdk/v1/default?platformId=WIN
Epic Manager: Category - LogHttp Message - 00000229AA2047B0: invalid HTTP response code received. URL: https://api.epicgames.dev/sdk/v1/default?platformId=WIN, HTTP code: 0, content length: 0, actual payload size: 0
Epic Manager: Category - LogHttp Message - 00000229AA2047B0: request failed, libcurl error: 7 (Couldn't connect to server)
Epic Manager: Category - LogHttp Message - 00000229AA2047B0: libcurl info message cache 0 (Hostname api.epicgames.dev was found in DNS cache)
Epic Manager: Category - LogHttp Message - 00000229AA2047B0: libcurl info message cache 1 (  Trying 104.18.124.108:443...)
Epic Manager: Category - LogHttp Message - 00000229AA2047B0: libcurl info message cache 2 (Immediate connect fail for 104.18.124.108: Connection refused)
Epic Manager: Category - LogHttp Message - 00000229AA2047B0: libcurl info message cache 3 (  Trying 104.18.125.108:443...)
Epic Manager: Category - LogHttp Message - 00000229AA2047B0: libcurl info message cache 4 (Immediate connect fail for 104.18.125.108: Connection refused)
Epic Manager: Category - LogHttp Message - 00000229AA2047B0: libcurl info message cache 5 (Failed to connect to api.epicgames.dev port 443 after 4 ms: Couldn't connect to server)
Epic Manager: Category - LogHttp Message - 00000229AA2047B0: libcurl info message cache 6 (Closing connection)
Epic Manager: Category - LogHttp Message - Retry exhausted on https://api.epicgames.dev/sdk/v1/default?platformId=WIN
Epic Manager: Category - LogHttp Message - 00000229AA203070: invalid HTTP response code received. URL: https://api.epicgames.dev/sdk/v1/default?platformId=WIN, HTTP code: 0, content length: 0, actual payload size: 0
Epic Manager: Category - LogHttp Message - 00000229AA203070: request failed, libcurl error: 7 (Couldn't connect to server)
Epic Manager: Category - LogHttp Message - 00000229AA203070: libcurl info message cache 0 (Hostname api.epicgames.dev was found in DNS cache)
Epic Manager: Category - LogHttp Message - 00000229AA203070: libcurl info message cache 1 (  Trying 104.18.124.108:443...)
Epic Manager: Category - LogHttp Message - 00000229AA203070: libcurl info message cache 2 (Immediate connect fail for 104.18.124.108: Connection refused)
Epic Manager: Category - LogHttp Message - 00000229AA203070: libcurl info message cache 3 (  Trying 104.18.125.108:443...)
Epic Manager: Category - LogHttp Message - 00000229AA203070: libcurl info message cache 4 (Immediate connect fail for 104.18.125.108: Connection refused)
Epic Manager: Category - LogHttp Message - 00000229AA203070: libcurl info message cache 5 (Failed to connect to api.epicgames.dev port 443 after 4 ms: Couldn't connect to server)
Epic Manager: Category - LogHttp Message - 00000229AA203070: libcurl info message cache 6 (Closing connection)
Epic Manager: Category - LogHttp Message - Retry exhausted on https://api.epicgames.dev/sdk/v1/default?platformId=WIN
Epic Manager: Category - LogHttp Message - 00000229AA2047B0: invalid HTTP response code received. URL: https://api.epicgames.dev/sdk/v1/default?platformId=WIN, HTTP code: 0, content length: 0, actual payload size: 0
Epic Manager: Category - LogHttp Message - 00000229AA2047B0: request failed, libcurl error: 7 (Couldn't connect to server)
Epic Manager: Category - LogHttp Message - 00000229AA2047B0: libcurl info message cache 0 (Hostname api.epicgames.dev was found in DNS cache)
Epic Manager: Category - LogHttp Message - 00000229AA2047B0: libcurl info message cache 1 (  Trying 104.18.124.108:443...)
Epic Manager: Category - LogHttp Message - 00000229AA2047B0: libcurl info message cache 2 (Immediate connect fail for 104.18.124.108: Connection refused)
Epic Manager: Category - LogHttp Message - 00000229AA2047B0: libcurl info message cache 3 (  Trying 104.18.125.108:443...)
Epic Manager: Category - LogHttp Message - 00000229AA2047B0: libcurl info message cache 4 (Immediate connect fail for 104.18.125.108: Connection refused)
Epic Manager: Category - LogHttp Message - 00000229AA2047B0: libcurl info message cache 5 (Failed to connect to api.epicgames.dev port 443 after 4 ms: Couldn't connect to server)
Epic Manager: Category - LogHttp Message - 00000229AA2047B0: libcurl info message cache 6 (Closing connection)
Epic Manager: Category - LogHttp Message - Retry exhausted on https://api.epicgames.dev/sdk/v1/default?platformId=WIN
Epic Manager: Category - LogHttp Message - 00000229AA203070: invalid HTTP response code received. URL: https://api.epicgames.dev/sdk/v1/default?platformId=WIN, HTTP code: 0, content length: 0, actual payload size: 0
Epic Manager: Category - LogHttp Message - 00000229AA203070: request failed, libcurl error: 7 (Couldn't connect to server)
Epic Manager: Category - LogHttp Message - 00000229AA203070: libcurl info message cache 0 (Hostname api.epicgames.dev was found in DNS cache)
Epic Manager: Category - LogHttp Message - 00000229AA203070: libcurl info message cache 1 (  Trying 104.18.124.108:443...)
Epic Manager: Category - LogHttp Message - 00000229AA203070: libcurl info message cache 2 (Immediate connect fail for 104.18.124.108: Connection refused)
Epic Manager: Category - LogHttp Message - 00000229AA203070: libcurl info message cache 3 (  Trying 104.18.125.108:443...)
Epic Manager: Category - LogHttp Message - 00000229AA203070: libcurl info message cache 4 (Immediate connect fail for 104.18.125.108: Connection refused)
Epic Manager: Category - LogHttp Message - 00000229AA203070: libcurl info message cache 5 (Failed to connect to api.epicgames.dev port 443 after 4 ms: Couldn't connect to server)
Epic Manager: Category - LogHttp Message - 00000229AA203070: libcurl info message cache 6 (Closing connection)
Epic Manager: Category - LogHttp Message - Retry exhausted on https://api.epicgames.dev/sdk/v1/default?platformId=WIN
Epic Manager: Category - LogHttp Message - 00000229AA203070: invalid HTTP response code received. URL: https://api.epicgames.dev/sdk/v1/default?platformId=WIN, HTTP code: 0, content length: 0, actual payload size: 0
Epic Manager: Category - LogHttp Message - 00000229AA203070: request failed, libcurl error: 7 (Couldn't connect to server)
Epic Manager: Category - LogHttp Message - 00000229AA203070: libcurl info message cache 0 (Hostname api.epicgames.dev was found in DNS cache)
Epic Manager: Category - LogHttp Message - 00000229AA203070: libcurl info message cache 1 (  Trying 104.18.124.108:443...)
Epic Manager: Category - LogHttp Message - 00000229AA203070: libcurl info message cache 2 (Immediate connect fail for 104.18.124.108: Connection refused)
Epic Manager: Category - LogHttp Message - 00000229AA203070: libcurl info message cache 3 (  Trying 104.18.125.108:443...)
Epic Manager: Category - LogHttp Message - 00000229AA203070: libcurl info message cache 4 (Immediate connect fail for 104.18.125.108: Connection refused)
Epic Manager: Category - LogHttp Message - 00000229AA203070: libcurl info message cache 5 (Failed to connect to api.epicgames.dev port 443 after 4 ms: Couldn't connect to server)
Epic Manager: Category - LogHttp Message - 00000229AA203070: libcurl info message cache 6 (Closing connection)
Epic Manager: Category - LogHttp Message - Retry exhausted on https://api.epicgames.dev/sdk/v1/default?platformId=WIN
Epic Manager: Category - LogHttp Message - 00000229AA2047B0: invalid HTTP response code received. URL: https://api.epicgames.dev/sdk/v1/default?platformId=WIN, HTTP code: 0, content length: 0, actual payload size: 0
Epic Manager: Category - LogHttp Message - 00000229AA2047B0: request failed, libcurl error: 7 (Couldn't connect to server)
Epic Manager: Category - LogHttp Message - 00000229AA2047B0: libcurl info message cache 0 (Hostname api.epicgames.dev was found in DNS cache)
Epic Manager: Category - LogHttp Message - 00000229AA2047B0: libcurl info message cache 1 (  Trying 104.18.124.108:443...)
Epic Manager: Category - LogHttp Message - 00000229AA2047B0: libcurl info message cache 2 (Immediate connect fail for 104.18.124.108: Connection refused)
Epic Manager: Category - LogHttp Message - 00000229AA2047B0: libcurl info message cache 3 (  Trying 104.18.125.108:443...)
Epic Manager: Category - LogHttp Message - 00000229AA2047B0: libcurl info message cache 4 (Immediate connect fail for 104.18.125.108: Connection refused)
Epic Manager: Category - LogHttp Message - 00000229AA2047B0: libcurl info message cache 5 (Failed to connect to api.epicgames.dev port 443 after 4 ms: Couldn't connect to server)
Epic Manager: Category - LogHttp Message - 00000229AA2047B0: libcurl info message cache 6 (Closing connection)
Epic Manager: Category - LogHttp Message - Retry exhausted on https://api.epicgames.dev/sdk/v1/default?platformId=WIN
Epic Manager: Category - LogHttp Message - 00000229AA203070: invalid HTTP response code received. URL: https://api.epicgames.dev/telemetry/data/datarouter/api/v1/public/data?SessionID=%7B9C58BC38-4AB0-D50E-77E4-51917568EDA8%7D&AppID=EOSSDK.PhaseRelease.ReleaseBuild&AppVersion=1.19.0.3-49960398%20-%20%2B%2BEOSSDK%2BRelease-1.19.0.3&UserID=&AppEnvironment=Production&UploadType=sdkevents, HTTP code: 0, content length: 0, actual payload size: 0
Epic Manager: Category - LogHttp Message - 00000229AA203070: request failed, libcurl error: 7 (Couldn't connect to server)
Epic Manager: Category - LogHttp Message - 00000229AA203070: libcurl info message cache 0 (Hostname in DNS cache was stale, zapped)
Epic Manager: Category - LogHttp Message - 00000229AA203070: libcurl info message cache 1 (  Trying 104.18.125.108:443...)
Epic Manager: Category - LogHttp Message - 00000229AA203070: libcurl info message cache 2 (Immediate connect fail for 104.18.125.108: Connection refused)
Epic Manager: Category - LogHttp Message - 00000229AA203070: libcurl info message cache 3 (  Trying 104.18.124.108:443...)
Epic Manager: Category - LogHttp Message - 00000229AA203070: libcurl info message cache 4 (Immediate connect fail for 104.18.124.108: Connection refused)
Epic Manager: Category - LogHttp Message - 00000229AA203070: libcurl info message cache 5 (Failed to connect to api.epicgames.dev port 443 after 9 ms: Couldn't connect to server)
Epic Manager: Category - LogHttp Message - 00000229AA203070: libcurl info message cache 6 (Closing connection)
Epic Manager: Category - LogHttp Message - Retry exhausted on https://api.epicgames.dev/telemetry/data/datarouter/api/v1/public/data?SessionID=%7B9C58BC38-4AB0-D50E-77E4-51917568EDA8%7D&AppID=EOSSDK.PhaseRelease.ReleaseBuild&AppVersion=1.19.0.3-49960398%20-%20%2B%2BEOSSDK%2BRelease-1.19.0.3&UserID=&AppEnvironment=Production&UploadType=sdkevents
Epic Manager: Category - LogHttp Message - 00000229AA203070: invalid HTTP response code received. URL: https://api.epicgames.dev/sdk/v1/default?platformId=WIN, HTTP code: 0, content length: 0, actual payload size: 0
Epic Manager: Category - LogHttp Message - 00000229AA203070: request failed, libcurl error: 7 (Couldn't connect to server)
Epic Manager: Category - LogHttp Message - 00000229AA203070: libcurl info message cache 0 (Hostname api.epicgames.dev was found in DNS cache)
Epic Manager: Category - LogHttp Message - 00000229AA203070: libcurl info message cache 1 (  Trying 104.18.125.108:443...)
Epic Manager: Category - LogHttp Message - 00000229AA203070: libcurl info message cache 2 (Immediate connect fail for 104.18.125.108: Connection refused)
Epic Manager: Category - LogHttp Message - 00000229AA203070: libcurl info message cache 3 (  Trying 104.18.124.108:443...)
Epic Manager: Category - LogHttp Message - 00000229AA203070: libcurl info message cache 4 (Immediate connect fail for 104.18.124.108: Connection refused)
Epic Manager: Category - LogHttp Message - 00000229AA203070: libcurl info message cache 5 (Failed to connect to api.epicgames.dev port 443 after 4 ms: Couldn't connect to server)
Epic Manager: Category - LogHttp Message - 00000229AA203070: libcurl info message cache 6 (Closing connection)
Epic Manager: Category - LogHttp Message - Retry exhausted on https://api.epicgames.dev/sdk/v1/default?platformId=WIN
Epic Manager: Category - LogHttp Message - 00000229AA203070: invalid HTTP response code received. URL: https://api.epicgames.dev/sdk/v1/default?platformId=WIN, HTTP code: 0, content length: 0, actual payload size: 0
Epic Manager: Category - LogHttp Message - 00000229AA203070: request failed, libcurl error: 7 (Couldn't connect to server)
Epic Manager: Category - LogHttp Message - 00000229AA203070: libcurl info message cache 0 (Hostname api.epicgames.dev was found in DNS cache)
Epic Manager: Category - LogHttp Message - 00000229AA203070: libcurl info message cache 1 (  Trying 104.18.125.108:443...)
Epic Manager: Category - LogHttp Message - 00000229AA203070: libcurl info message cache 2 (Immediate connect fail for 104.18.125.108: Connection refused)
Epic Manager: Category - LogHttp Message - 00000229AA203070: libcurl info message cache 3 (  Trying 104.18.124.108:443...)
Epic Manager: Category - LogHttp Message - 00000229AA203070: libcurl info message cache 4 (Immediate connect fail for 104.18.124.108: Connection refused)
Epic Manager: Category - LogHttp Message - 00000229AA203070: libcurl info message cache 5 (Failed to connect to api.epicgames.dev port 443 after 4 ms: Couldn't connect to server)
Epic Manager: Category - LogHttp Message - 00000229AA203070: libcurl info message cache 6 (Closing connection)
Epic Manager: Category - LogHttp Message - Retry exhausted on https://api.epicgames.dev/sdk/v1/default?platformId=WIN
Epic Manager: Category - LogHttp Message - 00000229AA203070: invalid HTTP response code received. URL: https://api.epicgames.dev/sdk/v1/default?platformId=WIN, HTTP code: 0, content length: 0, actual payload size: 0
Epic Manager: Category - LogHttp Message - 00000229AA203070: request failed, libcurl error: 7 (Couldn't connect to server)
Epic Manager: Category - LogHttp Message - 00000229AA203070: libcurl info message cache 0 (Hostname api.epicgames.dev was found in DNS cache)
Epic Manager: Category - LogHttp Message - 00000229AA203070: libcurl info message cache 1 (  Trying 104.18.125.108:443...)
Epic Manager: Category - LogHttp Message - 00000229AA203070: libcurl info message cache 2 (Immediate connect fail for 104.18.125.108: Connection refused)
Epic Manager: Category - LogHttp Message - 00000229AA203070: libcurl info message cache 3 (  Trying 104.18.124.108:443...)
Epic Manager: Category - LogHttp Message - 00000229AA203070: libcurl info message cache 4 (Immediate connect fail for 104.18.124.108: Connection refused)
Epic Manager: Category - LogHttp Message - 00000229AA203070: libcurl info message cache 5 (Failed to connect to api.epicgames.dev port 443 after 4 ms: Couldn't connect to server)
Epic Manager: Category - LogHttp Message - 00000229AA203070: libcurl info message cache 6 (Closing connection)
Epic Manager: Category - LogHttp Message - Retry exhausted on https://api.epicgames.dev/sdk/v1/default?platformId=WIN
Epic Manager: Category - LogHttp Message - 00000229AA203070: invalid HTTP response code received. URL: https://api.epicgames.dev/sdk/v1/default?platformId=WIN, HTTP code: 0, content length: 0, actual payload size: 0
Epic Manager: Category - LogHttp Message - 00000229AA203070: request failed, libcurl error: 7 (Couldn't connect to server)
Epic Manager: Category - LogHttp Message - 00000229AA203070: libcurl info message cache 0 (Hostname api.epicgames.dev was found in DNS cache)
Epic Manager: Category - LogHttp Message - 00000229AA203070: libcurl info message cache 1 (  Trying 104.18.125.108:443...)
Epic Manager: Category - LogHttp Message - 00000229AA203070: libcurl info message cache 2 (Immediate connect fail for 104.18.125.108: Connection refused)
Epic Manager: Category - LogHttp Message - 00000229AA203070: libcurl info message cache 3 (  Trying 104.18.124.108:443...)
Epic Manager: Category - LogHttp Message - 00000229AA203070: libcurl info message cache 4 (Immediate connect fail for 104.18.124.108: Connection refused)
Epic Manager: Category - LogHttp Message - 00000229AA203070: libcurl info message cache 5 (Failed to connect to api.epicgames.dev port 443 after 4 ms: Couldn't connect to server)
Epic Manager: Category - LogHttp Message - 00000229AA203070: libcurl info message cache 6 (Closing connection)
Epic Manager: Category - LogHttp Message - Retry exhausted on https://api.epicgames.dev/sdk/v1/default?platformId=WIN
Epic Manager: Category - LogHttp Message - 00000229AA203070: invalid HTTP response code received. URL: https://api.epicgames.dev/sdk/v1/default?platformId=WIN, HTTP code: 0, content length: 0, actual payload size: 0
Epic Manager: Category - LogHttp Message - 00000229AA203070: request failed, libcurl error: 7 (Couldn't connect to server)
Epic Manager: Category - LogHttp Message - 00000229AA203070: libcurl info message cache 0 (Hostname api.epicgames.dev was found in DNS cache)
Epic Manager: Category - LogHttp Message - 00000229AA203070: libcurl info message cache 1 (  Trying 104.18.125.108:443...)
Epic Manager: Category - LogHttp Message - 00000229AA203070: libcurl info message cache 2 (Immediate connect fail for 104.18.125.108: Connection refused)
Epic Manager: Category - LogHttp Message - 00000229AA203070: libcurl info message cache 3 (  Trying 104.18.124.108:443...)
Epic Manager: Category - LogHttp Message - 00000229AA203070: libcurl info message cache 4 (Immediate connect fail for 104.18.124.108: Connection refused)
Epic Manager: Category - LogHttp Message - 00000229AA203070: libcurl info message cache 5 (Failed to connect to api.epicgames.dev port 443 after 4 ms: Couldn't connect to server)
Epic Manager: Category - LogHttp Message - 00000229AA203070: libcurl info message cache 6 (Closing connection)
Epic Manager: Category - LogHttp Message - Retry exhausted on https://api.epicgames.dev/sdk/v1/default?platformId=WIN
Epic Manager: Category - LogHttp Message - 00000229AA203070: invalid HTTP response code received. URL: https://api.epicgames.dev/sdk/v1/default?platformId=WIN, HTTP code: 0, content length: 0, actual payload size: 0
Epic Manager: Category - LogHttp Message - 00000229AA203070: request failed, libcurl error: 7 (Couldn't connect to server)
Epic Manager: Category - LogHttp Message - 00000229AA203070: libcurl info message cache 0 (Hostname api.epicgames.dev was found in DNS cache)
Epic Manager: Category - LogHttp Message - 00000229AA203070: libcurl info message cache 1 (  Trying 104.18.125.108:443...)
Epic Manager: Category - LogHttp Message - 00000229AA203070: libcurl info message cache 2 (Immediate connect fail for 104.18.125.108: Connection refused)
Epic Manager: Category - LogHttp Message - 00000229AA203070: libcurl info message cache 3 (  Trying 104.18.124.108:443...)
Epic Manager: Category - LogHttp Message - 00000229AA203070: libcurl info message cache 4 (Immediate connect fail for 104.18.124.108: Connection refused)
Epic Manager: Category - LogHttp Message - 00000229AA203070: libcurl info message cache 5 (Failed to connect to api.epicgames.dev port 443 after 4 ms: Couldn't connect to server)
Epic Manager: Category - LogHttp Message - 00000229AA203070: libcurl info message cache 6 (Closing connection)
Epic Manager: Category - LogHttp Message - Retry exhausted on https://api.epicgames.dev/sdk/v1/default?platformId=WIN
[DewMod] Initialized com.doobyy.dpsmeter::DPSMeter
[DewMod] Activating com.doobyy.dpsmeter
[DPS Meter][DIAGNOSTIC] v4.46 loaded
[DPS Meter] Damage event listener attached.
[DPS Meter] Zone/node reset listeners attached.
Epic Manager: Category - LogHttp Message - 00000229AA203070: invalid HTTP response code received. URL: https://api.epicgames.dev/sdk/v1/default?platformId=WIN, HTTP code: 0, content length: 0, actual payload size: 0
Epic Manager: Category - LogHttp Message - 00000229AA203070: request failed, libcurl error: 7 (Couldn't connect to server)
Epic Manager: Category - LogHttp Message - 00000229AA203070: libcurl info message cache 0 (Hostname api.epicgames.dev was found in DNS cache)
Epic Manager: Category - LogHttp Message - 00000229AA203070: libcurl info message cache 1 (  Trying 104.18.125.108:443...)
Epic Manager: Category - LogHttp Message - 00000229AA203070: libcurl info message cache 2 (Immediate connect fail for 104.18.125.108: Connection refused)
Epic Manager: Category - LogHttp Message - 00000229AA203070: libcurl info message cache 3 (  Trying 104.18.124.108:443...)
Epic Manager: Category - LogHttp Message - 00000229AA203070: libcurl info message cache 4 (Immediate connect fail for 104.18.124.108: Connection refused)
Epic Manager: Category - LogHttp Message - 00000229AA203070: libcurl info message cache 5 (Failed to connect to api.epicgames.dev port 443 after 4 ms: Couldn't connect to server)
Epic Manager: Category - LogHttp Message - 00000229AA203070: libcurl info message cache 6 (Closing connection)
Epic Manager: Category - LogHttp Message - Retry exhausted on https://api.epicgames.dev/sdk/v1/default?platformId=WIN
Epic Manager: Category - LogHttp Message - 00000229AA2047B0: invalid HTTP response code received. URL: https://api.epicgames.dev/sdk/v1/default?platformId=WIN, HTTP code: 0, content length: 0, actual payload size: 0
Epic Manager: Category - LogHttp Message - 00000229AA2047B0: request failed, libcurl error: 7 (Couldn't connect to server)
Epic Manager: Category - LogHttp Message - 00000229AA2047B0: libcurl info message cache 0 (Hostname api.epicgames.dev was found in DNS cache)
Epic Manager: Category - LogHttp Message - 00000229AA2047B0: libcurl info message cache 1 (  Trying 104.18.125.108:443...)
Epic Manager: Category - LogHttp Message - 00000229AA2047B0: libcurl info message cache 2 (Immediate connect fail for 104.18.125.108: Connection refused)
Epic Manager: Category - LogHttp Message - 00000229AA2047B0: libcurl info message cache 3 (  Trying 104.18.124.108:443...)
Epic Manager: Category - LogHttp Message - 00000229AA2047B0: libcurl info message cache 4 (Immediate connect fail for 104.18.124.108: Connection refused)
Epic Manager: Category - LogHttp Message - 00000229AA2047B0: libcurl info message cache 5 (Failed to connect to api.epicgames.dev port 443 after 5 ms: Couldn't connect to server)
Epic Manager: Category - LogHttp Message - 00000229AA2047B0: libcurl info message cache 6 (Closing connection)
Epic Manager: Category - LogHttp Message - Retry exhausted on https://api.epicgames.dev/sdk/v1/default?platformId=WIN
[DPS Meter][HEAL TRACE] ENTER source=type=Se_Star_L_HealOnAttack name=Se_Star_L_HealOnAttack(Clone)
[DPS Meter][HEAL TRACE] TARGET STAR EFFECT FOUND name=Se_Star_L_HealOnAttack(Clone)
[DPS Meter][HEAL TRACE] SELECTED LOADOUT type=HeroLoadoutData
[DPS Meter][HEAL TRACE] OBJECT SCAN SelectedLoadout type=HeroLoadoutData
[DPS Meter][HEAL TRACE] OBJECT MEMBER HeroLoadoutData.skillQ declaredType=System.Int32 valueType=System.Int32
[DPS Meter][HEAL TRACE] OBJECT MEMBER HeroLoadoutData.skillQ value=1
[DPS Meter][HEAL TRACE] OBJECT MEMBER HeroLoadoutData.skillR declaredType=System.Int32 valueType=System.Int32
[DPS Meter][HEAL TRACE] OBJECT MEMBER HeroLoadoutData.skillR value=0
[DPS Meter][HEAL TRACE] OBJECT MEMBER HeroLoadoutData.skillTrait declaredType=System.Int32 valueType=System.Int32
[DPS Meter][HEAL TRACE] OBJECT MEMBER HeroLoadoutData.skillTrait value=0
[DPS Meter][HEAL TRACE] OBJECT MEMBER HeroLoadoutData.skillMovement declaredType=System.Int32 valueType=System.Int32
[DPS Meter][HEAL TRACE] OBJECT MEMBER HeroLoadoutData.skillMovement value=0
[DPS Meter][HEAL TRACE] OBJECT MEMBER HeroLoadoutData.cDestruction declaredType=System.Collections.Generic.List`1[[LoadoutStarItem, Dew.Core, Version=0.0.0.0, Culture=neutral, PublicKeyToken=null]] valueType=System.Collections.Generic.List`1[[LoadoutStarItem, Dew.Core, Version=0.0.0.0, Culture=neutral, PublicKeyToken=null]]
[DPS Meter][HEAL TRACE] OBJECT MEMBER HeroLoadoutData.cDestruction item[0] type=LoadoutStarItem value=LoadoutStarItem
[DPS Meter][HEAL TRACE] OBJECT MEMBER HeroLoadoutData.cDestruction item[1] type=LoadoutStarItem value=LoadoutStarItem
[DPS Meter][HEAL TRACE] OBJECT MEMBER HeroLoadoutData.cDestruction item[2] type=LoadoutStarItem value=LoadoutStarItem
[DPS Meter][HEAL TRACE] OBJECT MEMBER HeroLoadoutData.cDestruction item[3] type=LoadoutStarItem value=LoadoutStarItem
[DPS Meter][HEAL TRACE] OBJECT MEMBER HeroLoadoutData.cDestruction item[4] type=LoadoutStarItem value=LoadoutStarItem
[DPS Meter][HEAL TRACE] OBJECT MEMBER HeroLoadoutData.cLife declaredType=System.Collections.Generic.List`1[[LoadoutStarItem, Dew.Core, Version=0.0.0.0, Culture=neutral, PublicKeyToken=null]] valueType=System.Collections.Generic.List`1[[LoadoutStarItem, Dew.Core, Version=0.0.0.0, Culture=neutral, PublicKeyToken=null]]
[DPS Meter][HEAL TRACE] OBJECT MEMBER HeroLoadoutData.cLife item[0] type=LoadoutStarItem value=LoadoutStarItem
[DPS Meter][HEAL TRACE] OBJECT MEMBER HeroLoadoutData.cLife item[1] type=LoadoutStarItem value=LoadoutStarItem
[DPS Meter][HEAL TRACE] OBJECT MEMBER HeroLoadoutData.cLife item[2] type=LoadoutStarItem value=LoadoutStarItem
[DPS Meter][HEAL TRACE] OBJECT MEMBER HeroLoadoutData.cImagination declaredType=System.Collections.Generic.List`1[[LoadoutStarItem, Dew.Core, Version=0.0.0.0, Culture=neutral, PublicKeyToken=null]] valueType=System.Collections.Generic.List`1[[LoadoutStarItem, Dew.Core, Version=0.0.0.0, Culture=neutral, PublicKeyToken=null]]
[DPS Meter][HEAL TRACE] OBJECT MEMBER HeroLoadoutData.cImagination item[0] type=LoadoutStarItem value=LoadoutStarItem
[DPS Meter][HEAL TRACE] OBJECT MEMBER HeroLoadoutData.cImagination item[1] type=LoadoutStarItem value=LoadoutStarItem
[DPS Meter][HEAL TRACE] OBJECT MEMBER HeroLoadoutData.cImagination item[2] type=LoadoutStarItem value=LoadoutStarItem
[DPS Meter][HEAL TRACE] OBJECT MEMBER HeroLoadoutData.cImagination item[3] type=LoadoutStarItem value=LoadoutStarItem
[DPS Meter][HEAL TRACE] OBJECT MEMBER HeroLoadoutData.cImagination item[4] type=LoadoutStarItem value=LoadoutStarItem
[DPS Meter][HEAL TRACE] OBJECT MEMBER HeroLoadoutData.cImagination item[5] type=LoadoutStarItem value=LoadoutStarItem
[DPS Meter][HEAL TRACE] OBJECT MEMBER HeroLoadoutData.cImagination item[6] type=LoadoutStarItem value=LoadoutStarItem
[DPS Meter][HEAL TRACE] OBJECT MEMBER HeroLoadoutData.cFlexible declaredType=System.Collections.Generic.List`1[[LoadoutStarItem, Dew.Core, Version=0.0.0.0, Culture=neutral, PublicKeyToken=null]] valueType=System.Collections.Generic.List`1[[LoadoutStarItem, Dew.Core, Version=0.0.0.0, Culture=neutral, PublicKeyToken=null]]
[DPS Meter][HEAL TRACE] OBJECT MEMBER HeroLoadoutData.cFlexible item[0] type=LoadoutStarItem value=LoadoutStarItem
[DPS Meter][HEAL TRACE] OBJECT MEMBER HeroLoadoutData.cFlexible item[1] type=LoadoutStarItem value=LoadoutStarItem
[DPS Meter][HEAL TRACE] OBJECT MEMBER HeroLoadoutData.cFlexible item[2] type=LoadoutStarItem value=LoadoutStarItem
[DPS Meter][HEAL TRACE] ENTER source=type=Se_Star_L_HealOnAttack name=Se_Star_L_HealOnAttack(Clone)
[DPS Meter][HEAL TRACE] TARGET STAR EFFECT FOUND name=Se_Star_L_HealOnAttack(Clone)
[DPS Meter][HEAL TRACE] SELECTED LOADOUT type=HeroLoadoutData
[DPS Meter][HEAL TRACE] OBJECT SCAN SelectedLoadout type=HeroLoadoutData
[DPS Meter][HEAL TRACE] OBJECT MEMBER HeroLoadoutData.skillQ declaredType=System.Int32 valueType=System.Int32
[DPS Meter][HEAL TRACE] OBJECT MEMBER HeroLoadoutData.skillQ value=1
[DPS Meter][HEAL TRACE] OBJECT MEMBER HeroLoadoutData.skillR declaredType=System.Int32 valueType=System.Int32
[DPS Meter][HEAL TRACE] OBJECT MEMBER HeroLoadoutData.skillR value=0
[DPS Meter][HEAL TRACE] OBJECT MEMBER HeroLoadoutData.skillTrait declaredType=System.Int32 valueType=System.Int32
[DPS Meter][HEAL TRACE] OBJECT MEMBER HeroLoadoutData.skillTrait value=0
[DPS Meter][HEAL TRACE] OBJECT MEMBER HeroLoadoutData.skillMovement declaredType=System.Int32 valueType=System.Int32
[DPS Meter][HEAL TRACE] OBJECT MEMBER HeroLoadoutData.skillMovement value=0
[DPS Meter][HEAL TRACE] OBJECT MEMBER HeroLoadoutData.cDestruction declaredType=System.Collections.Generic.List`1[[LoadoutStarItem, Dew.Core, Version=0.0.0.0, Culture=neutral, PublicKeyToken=null]] valueType=System.Collections.Generic.List`1[[LoadoutStarItem, Dew.Core, Version=0.0.0.0, Culture=neutral, PublicKeyToken=null]]
[DPS Meter][HEAL TRACE] OBJECT MEMBER HeroLoadoutData.cDestruction item[0] type=LoadoutStarItem value=LoadoutStarItem
[DPS Meter][HEAL TRACE] OBJECT MEMBER HeroLoadoutData.cDestruction item[1] type=LoadoutStarItem value=LoadoutStarItem
[DPS Meter][HEAL TRACE] OBJECT MEMBER HeroLoadoutData.cDestruction item[2] type=LoadoutStarItem value=LoadoutStarItem
[DPS Meter][HEAL TRACE] OBJECT MEMBER HeroLoadoutData.cDestruction item[3] type=LoadoutStarItem value=LoadoutStarItem
[DPS Meter][HEAL TRACE] OBJECT MEMBER HeroLoadoutData.cDestruction item[4] type=LoadoutStarItem value=LoadoutStarItem
[DPS Meter][HEAL TRACE] OBJECT MEMBER HeroLoadoutData.cLife declaredType=System.Collections.Generic.List`1[[LoadoutStarItem, Dew.Core, Version=0.0.0.0, Culture=neutral, PublicKeyToken=null]] valueType=System.Collections.Generic.List`1[[LoadoutStarItem, Dew.Core, Version=0.0.0.0, Culture=neutral, PublicKeyToken=null]]
[DPS Meter][HEAL TRACE] OBJECT MEMBER HeroLoadoutData.cLife item[0] type=LoadoutStarItem value=LoadoutStarItem
[DPS Meter][HEAL TRACE] OBJECT MEMBER HeroLoadoutData.cLife item[1] type=LoadoutStarItem value=LoadoutStarItem
[DPS Meter][HEAL TRACE] OBJECT MEMBER HeroLoadoutData.cLife item[2] type=LoadoutStarItem value=LoadoutStarItem
[DPS Meter][HEAL TRACE] OBJECT MEMBER HeroLoadoutData.cImagination declaredType=System.Collections.Generic.List`1[[LoadoutStarItem, Dew.Core, Version=0.0.0.0, Culture=neutral, PublicKeyToken=null]] valueType=System.Collections.Generic.List`1[[LoadoutStarItem, Dew.Core, Version=0.0.0.0, Culture=neutral, PublicKeyToken=null]]
[DPS Meter][HEAL TRACE] OBJECT MEMBER HeroLoadoutData.cImagination item[0] type=LoadoutStarItem value=LoadoutStarItem
[DPS Meter][HEAL TRACE] OBJECT MEMBER HeroLoadoutData.cImagination item[1] type=LoadoutStarItem value=LoadoutStarItem
[DPS Meter][HEAL TRACE] OBJECT MEMBER HeroLoadoutData.cImagination item[2] type=LoadoutStarItem value=LoadoutStarItem
[DPS Meter][HEAL TRACE] OBJECT MEMBER HeroLoadoutData.cImagination item[3] type=LoadoutStarItem value=LoadoutStarItem
[DPS Meter][HEAL TRACE] OBJECT MEMBER HeroLoadoutData.cImagination item[4] type=LoadoutStarItem value=LoadoutStarItem
[DPS Meter][HEAL TRACE] OBJECT MEMBER HeroLoadoutData.cImagination item[5] type=LoadoutStarItem value=LoadoutStarItem
[DPS Meter][HEAL TRACE] OBJECT MEMBER HeroLoadoutData.cImagination item[6] type=LoadoutStarItem value=LoadoutStarItem
[DPS Meter][HEAL TRACE] OBJECT MEMBER HeroLoadoutData.cFlexible declaredType=System.Collections.Generic.List`1[[LoadoutStarItem, Dew.Core, Version=0.0.0.0, Culture=neutral, PublicKeyToken=null]] valueType=System.Collections.Generic.List`1[[LoadoutStarItem, Dew.Core, Version=0.0.0.0, Culture=neutral, PublicKeyToken=null]]
[DPS Meter][HEAL TRACE] OBJECT MEMBER HeroLoadoutData.cFlexible item[0] type=LoadoutStarItem value=LoadoutStarItem
[DPS Meter][HEAL TRACE] OBJECT MEMBER HeroLoadoutData.cFlexible item[1] type=LoadoutStarItem value=LoadoutStarItem
[DPS Meter][HEAL TRACE] OBJECT MEMBER HeroLoadoutData.cFlexible item[2] type=LoadoutStarItem value=LoadoutStarItem
[DPS Meter][HEAL TRACE] ENTER source=type=Gem_E_Clemency name=Gem_E_Clemency(Clone)
[DPS Meter][HEAL TRACE] TARGET STAR EFFECT FOUND name=Se_Star_L_HealOnAttack(Clone)
[DPS Meter][HEAL TRACE] SELECTED LOADOUT type=HeroLoadoutData
[DPS Meter][HEAL TRACE] OBJECT SCAN SelectedLoadout type=HeroLoadoutData
[DPS Meter][HEAL TRACE] OBJECT MEMBER HeroLoadoutData.skillQ declaredType=System.Int32 valueType=System.Int32
[DPS Meter][HEAL TRACE] OBJECT MEMBER HeroLoadoutData.skillQ value=1
[DPS Meter][HEAL TRACE] OBJECT MEMBER HeroLoadoutData.skillR declaredType=System.Int32 valueType=System.Int32
[DPS Meter][HEAL TRACE] OBJECT MEMBER HeroLoadoutData.skillR value=0
[DPS Meter][HEAL TRACE] OBJECT MEMBER HeroLoadoutData.skillTrait declaredType=System.Int32 valueType=System.Int32
[DPS Meter][HEAL TRACE] OBJECT MEMBER HeroLoadoutData.skillTrait value=0
[DPS Meter][HEAL TRACE] OBJECT MEMBER HeroLoadoutData.skillMovement declaredType=System.Int32 valueType=System.Int32
[DPS Meter][HEAL TRACE] OBJECT MEMBER HeroLoadoutData.skillMovement value=0
[DPS Meter][HEAL TRACE] OBJECT MEMBER HeroLoadoutData.cDestruction declaredType=System.Collections.Generic.List`1[[LoadoutStarItem, Dew.Core, Version=0.0.0.0, Culture=neutral, PublicKeyToken=null]] valueType=System.Collections.Generic.List`1[[LoadoutStarItem, Dew.Core, Version=0.0.0.0, Culture=neutral, PublicKeyToken=null]]
[DPS Meter][HEAL TRACE] OBJECT MEMBER HeroLoadoutData.cDestruction item[0] type=LoadoutStarItem value=LoadoutStarItem
[DPS Meter][HEAL TRACE] OBJECT MEMBER HeroLoadoutData.cDestruction item[1] type=LoadoutStarItem value=LoadoutStarItem
[DPS Meter][HEAL TRACE] OBJECT MEMBER HeroLoadoutData.cDestruction item[2] type=LoadoutStarItem value=LoadoutStarItem
[DPS Meter][HEAL TRACE] OBJECT MEMBER HeroLoadoutData.cDestruction item[3] type=LoadoutStarItem value=LoadoutStarItem
[DPS Meter][HEAL TRACE] OBJECT MEMBER HeroLoadoutData.cDestruction item[4] type=LoadoutStarItem value=LoadoutStarItem
[DPS Meter][HEAL TRACE] OBJECT MEMBER HeroLoadoutData.cLife declaredType=System.Collections.Generic.List`1[[LoadoutStarItem, Dew.Core, Version=0.0.0.0, Culture=neutral, PublicKeyToken=null]] valueType=System.Collections.Generic.List`1[[LoadoutStarItem, Dew.Core, Version=0.0.0.0, Culture=neutral, PublicKeyToken=null]]
[DPS Meter][HEAL TRACE] OBJECT MEMBER HeroLoadoutData.cLife item[0] type=LoadoutStarItem value=LoadoutStarItem
[DPS Meter][HEAL TRACE] OBJECT MEMBER HeroLoadoutData.cLife item[1] type=LoadoutStarItem value=LoadoutStarItem
[DPS Meter][HEAL TRACE] OBJECT MEMBER HeroLoadoutData.cLife item[2] type=LoadoutStarItem value=LoadoutStarItem
[DPS Meter][HEAL TRACE] OBJECT MEMBER HeroLoadoutData.cImagination declaredType=System.Collections.Generic.List`1[[LoadoutStarItem, Dew.Core, Version=0.0.0.0, Culture=neutral, PublicKeyToken=null]] valueType=System.Collections.Generic.List`1[[LoadoutStarItem, Dew.Core, Version=0.0.0.0, Culture=neutral, PublicKeyToken=null]]
[DPS Meter][HEAL TRACE] OBJECT MEMBER HeroLoadoutData.cImagination item[0] type=LoadoutStarItem value=LoadoutStarItem
[DPS Meter][HEAL TRACE] OBJECT MEMBER HeroLoadoutData.cImagination item[1] type=LoadoutStarItem value=LoadoutStarItem
[DPS Meter][HEAL TRACE] OBJECT MEMBER HeroLoadoutData.cImagination item[2] type=LoadoutStarItem value=LoadoutStarItem
[DPS Meter][HEAL TRACE] OBJECT MEMBER HeroLoadoutData.cImagination item[3] type=LoadoutStarItem value=LoadoutStarItem
[DPS Meter][HEAL TRACE] OBJECT MEMBER HeroLoadoutData.cImagination item[4] type=LoadoutStarItem value=LoadoutStarItem
[DPS Meter][HEAL TRACE] OBJECT MEMBER HeroLoadoutData.cImagination item[5] type=LoadoutStarItem value=LoadoutStarItem
[DPS Meter][HEAL TRACE] OBJECT MEMBER HeroLoadoutData.cImagination item[6] type=LoadoutStarItem value=LoadoutStarItem
[DPS Meter][HEAL TRACE] OBJECT MEMBER HeroLoadoutData.cFlexible declaredType=System.Collections.Generic.List`1[[LoadoutStarItem, Dew.Core, Version=0.0.0.0, Culture=neutral, PublicKeyToken=null]] valueType=System.Collections.Generic.List`1[[LoadoutStarItem, Dew.Core, Version=0.0.0.0, Culture=neutral, PublicKeyToken=null]]
[DPS Meter][HEAL TRACE] OBJECT MEMBER HeroLoadoutData.cFlexible item[0] type=LoadoutStarItem value=LoadoutStarItem
[DPS Meter][HEAL TRACE] OBJECT MEMBER HeroLoadoutData.cFlexible item[1] type=LoadoutStarItem value=LoadoutStarItem
[DPS Meter][HEAL TRACE] OBJECT MEMBER HeroLoadoutData.cFlexible item[2] type=LoadoutStarItem value=LoadoutStarItem
Epic Manager: Category - LogHttp Message - 00000229AA204D80: invalid HTTP response code received. URL: https://api.epicgames.dev/sdk/v1/default?platformId=WIN, HTTP code: 0, content length: 0, actual payload size: 0
Epic Manager: Category - LogHttp Message - 00000229AA204D80: request failed, libcurl error: 7 (Couldn't connect to server)
Epic Manager: Category - LogHttp Message - 00000229AA204D80: libcurl info message cache 0 (Hostname api.epicgames.dev was found in DNS cache)
Epic Manager: Category - LogHttp Message - 00000229AA204D80: libcurl info message cache 1 (  Trying 104.18.125.108:443...)
Epic Manager: Category - LogHttp Message - 00000229AA204D80: libcurl info message cache 2 (Immediate connect fail for 104.18.125.108: Connection refused)
Epic Manager: Category - LogHttp Message - 00000229AA204D80: libcurl info message cache 3 (  Trying 104.18.124.108:443...)
Epic Manager: Category - LogHttp Message - 00000229AA204D80: libcurl info message cache 4 (Immediate connect fail for 104.18.124.108: Connection refused)
Epic Manager: Category - LogHttp Message - 00000229AA204D80: libcurl info message cache 5 (Failed to connect to api.epicgames.dev port 443 after 4 ms: Couldn't connect to server)
Epic Manager: Category - LogHttp Message - 00000229AA204D80: libcurl info message cache 6 (Closing connection)
Epic Manager: Category - LogHttp Message - Retry exhausted on https://api.epicgames.dev/sdk/v1/default?platformId=WIN
Epic Manager: Category - LogHttp Message - 00000229AA203070: invalid HTTP response code received. URL: https://api.epicgames.dev/telemetry/data/datarouter/api/v1/public/data?SessionID=%7B9C58BC38-4AB0-D50E-77E4-51917568EDA8%7D&AppID=EOSSDK.PhaseRelease.ReleaseBuild&AppVersion=1.19.0.3-49960398%20-%20%2B%2BEOSSDK%2BRelease-1.19.0.3&UserID=&AppEnvironment=Production&UploadType=sdkevents, HTTP code: 0, content length: 0, actual payload size: 0
Epic Manager: Category - LogHttp Message - 00000229AA203070: request failed, libcurl error: 7 (Couldn't connect to server)
Epic Manager: Category - LogHttp Message - 00000229AA203070: libcurl info message cache 0 (Hostname in DNS cache was stale, zapped)
Epic Manager: Category - LogHttp Message - 00000229AA203070: libcurl info message cache 1 (  Trying 104.18.124.108:443...)
Epic Manager: Category - LogHttp Message - 00000229AA203070: libcurl info message cache 2 (Immediate connect fail for 104.18.124.108: Connection refused)
Epic Manager: Category - LogHttp Message - 00000229AA203070: libcurl info message cache 3 (  Trying 104.18.125.108:443...)
Epic Manager: Category - LogHttp Message - 00000229AA203070: libcurl info message cache 4 (Immediate connect fail for 104.18.125.108: Connection refused)
Epic Manager: Category - LogHttp Message - 00000229AA203070: libcurl info message cache 5 (Failed to connect to api.epicgames.dev port 443 after 9 ms: Couldn't connect to server)
Epic Manager: Category - LogHttp Message - 00000229AA203070: libcurl info message cache 6 (Closing connection)
Epic Manager: Category - LogHttp Message - Retry exhausted on https://api.epicgames.dev/telemetry/data/datarouter/api/v1/public/data?SessionID=%7B9C58BC38-4AB0-D50E-77E4-51917568EDA8%7D&AppID=EOSSDK.PhaseRelease.ReleaseBuild&AppVersion=1.19.0.3-49960398%20-%20%2B%2BEOSSDK%2BRelease-1.19.0.3&UserID=&AppEnvironment=Production&UploadType=sdkevents
Epic Manager: Category - LogHttp Message - 00000229AA2047B0: invalid HTTP response code received. URL: https://api.epicgames.dev/sdk/v1/default?platformId=WIN, HTTP code: 0, content length: 0, actual payload size: 0
Epic Manager: Category - LogHttp Message - 00000229AA2047B0: request failed, libcurl error: 7 (Couldn't connect to server)
Epic Manager: Category - LogHttp Message - 00000229AA2047B0: libcurl info message cache 0 (Hostname api.epicgames.dev was found in DNS cache)
Epic Manager: Category - LogHttp Message - 00000229AA2047B0: libcurl info message cache 1 (  Trying 104.18.124.108:443...)
Epic Manager: Category - LogHttp Message - 00000229AA2047B0: libcurl info message cache 2 (Immediate connect fail for 104.18.124.108: Connection refused)
Epic Manager: Category - LogHttp Message - 00000229AA2047B0: libcurl info message cache 3 (  Trying 104.18.125.108:443...)
Epic Manager: Category - LogHttp Message - 00000229AA2047B0: libcurl info message cache 4 (Immediate connect fail for 104.18.125.108: Connection refused)
Epic Manager: Category - LogHttp Message - 00000229AA2047B0: libcurl info message cache 5 (Failed to connect to api.epicgames.dev port 443 after 4 ms: Couldn't connect to server)
Epic Manager: Category - LogHttp Message - 00000229AA2047B0: libcurl info message cache 6 (Closing connection)
Epic Manager: Category - LogHttp Message - Retry exhausted on https://api.epicgames.dev/sdk/v1/default?platformId=WIN
Epic Manager: Category - LogHttp Message - 00000229AA203070: invalid HTTP response code received. URL: https://api.epicgames.dev/sdk/v1/default?platformId=WIN, HTTP code: 0, content length: 0, actual payload size: 0
Epic Manager: Category - LogHttp Message - 00000229AA203070: request failed, libcurl error: 7 (Couldn't connect to server)
Epic Manager: Category - LogHttp Message - 00000229AA203070: libcurl info message cache 0 (Hostname api.epicgames.dev was found in DNS cache)
Epic Manager: Category - LogHttp Message - 00000229AA203070: libcurl info message cache 1 (  Trying 104.18.124.108:443...)
Epic Manager: Category - LogHttp Message - 00000229AA203070: libcurl info message cache 2 (Immediate connect fail for 104.18.124.108: Connection refused)
Epic Manager: Category - LogHttp Message - 00000229AA203070: libcurl info message cache 3 (  Trying 104.18.125.108:443...)
Epic Manager: Category - LogHttp Message - 00000229AA203070: libcurl info message cache 4 (Immediate connect fail for 104.18.125.108: Connection refused)
Epic Manager: Category - LogHttp Message - 00000229AA203070: libcurl info message cache 5 (Failed to connect to api.epicgames.dev port 443 after 4 ms: Couldn't connect to server)
Epic Manager: Category - LogHttp Message - 00000229AA203070: libcurl info message cache 6 (Closing connection)
Epic Manager: Category - LogHttp Message - Retry exhausted on https://api.epicgames.dev/sdk/v1/default?platformId=WIN
Curl error 7: getsockname() failed with errno 10022: Invalid arguments
Epic Manager: Category - LogHttp Message - 00000229AA203070: invalid HTTP response code received. URL: https://api.epicgames.dev/sdk/v1/default?platformId=WIN, HTTP code: 0, content length: 0, actual payload size: 0
Epic Manager: Category - LogHttp Message - 00000229AA203070: request failed, libcurl error: 7 (Couldn't connect to server)
Epic Manager: Category - LogHttp Message - 00000229AA203070: libcurl info message cache 0 (Hostname api.epicgames.dev was found in DNS cache)
Epic Manager: Category - LogHttp Message - 00000229AA203070: libcurl info message cache 1 (  Trying 104.18.124.108:443...)
Epic Manager: Category - LogHttp Message - 00000229AA203070: libcurl info message cache 2 (Immediate connect fail for 104.18.124.108: Connection refused)
Epic Manager: Category - LogHttp Message - 00000229AA203070: libcurl info message cache 3 (  Trying 104.18.125.108:443...)
Epic Manager: Category - LogHttp Message - 00000229AA203070: libcurl info message cache 4 (Immediate connect fail for 104.18.125.108: Connection refused)
Epic Manager: Category - LogHttp Message - 00000229AA203070: libcurl info message cache 5 (Failed to connect to api.epicgames.dev port 443 after 4 ms: Couldn't connect to server)
Epic Manager: Category - LogHttp Message - 00000229AA203070: libcurl info message cache 6 (Closing connection)
Epic Manager: Category - LogHttp Message - Retry exhausted on https://api.epicgames.dev/sdk/v1/default?platformId=WIN
Epic Manager: Category - LogHttp Message - 00000229AA2047B0: invalid HTTP response code received. URL: https://api.epicgames.dev/sdk/v1/default?platformId=WIN, HTTP code: 0, content length: 0, actual payload size: 0
Epic Manager: Category - LogHttp Message - 00000229AA2047B0: request failed, libcurl error: 7 (Couldn't connect to server)
Epic Manager: Category - LogHttp Message - 00000229AA2047B0: libcurl info message cache 0 (Hostname api.epicgames.dev was found in DNS cache)
Epic Manager: Category - LogHttp Message - 00000229AA2047B0: libcurl info message cache 1 (  Trying 104.18.124.108:443...)
Epic Manager: Category - LogHttp Message - 00000229AA2047B0: libcurl info message cache 2 (Immediate connect fail for 104.18.124.108: Connection refused)
Epic Manager: Category - LogHttp Message - 00000229AA2047B0: libcurl info message cache 3 (  Trying 104.18.125.108:443...)
Epic Manager: Category - LogHttp Message - 00000229AA2047B0: libcurl info message cache 4 (Immediate connect fail for 104.18.125.108: Connection refused)
Epic Manager: Category - LogHttp Message - 00000229AA2047B0: libcurl info message cache 5 (Failed to connect to api.epicgames.dev port 443 after 5 ms: Couldn't connect to server)
Epic Manager: Category - LogHttp Message - 00000229AA2047B0: libcurl info message cache 6 (Closing connection)
Epic Manager: Category - LogHttp Message - Retry exhausted on https://api.epicgames.dev/sdk/v1/default?platformId=WIN
Epic Manager: Category - LogHttp Message - 00000229AA2047B0: invalid HTTP response code received. URL: https://api.epicgames.dev/sdk/v1/default?platformId=WIN, HTTP code: 0, content length: 0, actual payload size: 0
Epic Manager: Category - LogHttp Message - 00000229AA2047B0: request failed, libcurl error: 7 (Couldn't connect to server)
Epic Manager: Category - LogHttp Message - 00000229AA2047B0: libcurl info message cache 0 (Hostname api.epicgames.dev was found in DNS cache)
Epic Manager: Category - LogHttp Message - 00000229AA2047B0: libcurl info message cache 1 (  Trying 104.18.124.108:443...)
Epic Manager: Category - LogHttp Message - 00000229AA2047B0: libcurl info message cache 2 (Immediate connect fail for 104.18.124.108: Connection refused)
Epic Manager: Category - LogHttp Message - 00000229AA2047B0: libcurl info message cache 3 (  Trying 104.18.125.108:443...)
Epic Manager: Category - LogHttp Message - 00000229AA2047B0: libcurl info message cache 4 (Immediate connect fail for 104.18.125.108: Connection refused)
Epic Manager: Category - LogHttp Message - 00000229AA2047B0: libcurl info message cache 5 (Failed to connect to api.epicgames.dev port 443 after 4 ms: Couldn't connect to server)
Epic Manager: Category - LogHttp Message - 00000229AA2047B0: libcurl info message cache 6 (Closing connection)
Epic Manager: Category - LogHttp Message - Retry exhausted on https://api.epicgames.dev/sdk/v1/default?platformId=WIN
Epic Manager: Category - LogHttp Message - 00000229AA2047B0: invalid HTTP response code received. URL: https://api.epicgames.dev/sdk/v1/default?platformId=WIN, HTTP code: 0, content length: 0, actual payload size: 0
Epic Manager: Category - LogHttp Message - 00000229AA2047B0: request failed, libcurl error: 7 (Couldn't connect to server)
Epic Manager: Category - LogHttp Message - 00000229AA2047B0: libcurl info message cache 0 (Hostname api.epicgames.dev was found in DNS cache)
Epic Manager: Category - LogHttp Message - 00000229AA2047B0: libcurl info message cache 1 (  Trying 104.18.124.108:443...)
Epic Manager: Category - LogHttp Message - 00000229AA2047B0: libcurl info message cache 2 (Immediate connect fail for 104.18.124.108: Connection refused)
Epic Manager: Category - LogHttp Message - 00000229AA2047B0: libcurl info message cache 3 (  Trying 104.18.125.108:443...)
Epic Manager: Category - LogHttp Message - 00000229AA2047B0: libcurl info message cache 4 (Immediate connect fail for 104.18.125.108: Connection refused)
Epic Manager: Category - LogHttp Message - 00000229AA2047B0: libcurl info message cache 5 (Failed to connect to api.epicgames.dev port 443 after 5 ms: Couldn't connect to server)
Epic Manager: Category - LogHttp Message - 00000229AA2047B0: libcurl info message cache 6 (Closing connection)
Epic Manager: Category - LogHttp Message - Retry exhausted on https://api.epicgames.dev/sdk/v1/default?platformId=WIN
Epic Manager: Category - LogHttp Message - 00000229AA204D80: invalid HTTP response code received. URL: https://api.epicgames.dev/sdk/v1/default?platformId=WIN, HTTP code: 0, content length: 0, actual payload size: 0
Epic Manager: Category - LogHttp Message - 00000229AA204D80: request failed, libcurl error: 7 (Couldn't connect to server)
Epic Manager: Category - LogHttp Message - 00000229AA204D80: libcurl info message cache 0 (Hostname api.epicgames.dev was found in DNS cache)
Epic Manager: Category - LogHttp Message - 00000229AA204D80: libcurl info message cache 1 (  Trying 104.18.124.108:443...)
Epic Manager: Category - LogHttp Message - 00000229AA204D80: libcurl info message cache 2 (Immediate connect fail for 104.18.124.108: Connection refused)
Epic Manager: Category - LogHttp Message - 00000229AA204D80: libcurl info message cache 3 (  Trying 104.18.125.108:443...)
Epic Manager: Category - LogHttp Message - 00000229AA204D80: libcurl info message cache 4 (Immediate connect fail for 104.18.125.108: Connection refused)
Epic Manager: Category - LogHttp Message - 00000229AA204D80: libcurl info message cache 5 (Failed to connect to api.epicgames.dev port 443 after 4 ms: Couldn't connect to server)
Epic Manager: Category - LogHttp Message - 00000229AA204D80: libcurl info message cache 6 (Closing connection)
Epic Manager: Category - LogHttp Message - Retry exhausted on https://api.epicgames.dev/sdk/v1/default?platformId=WIN
Epic Manager: Category - LogHttp Message - 00000229AA2047B0: invalid HTTP response code received. URL: https://api.epicgames.dev/sdk/v1/default?platformId=WIN, HTTP code: 0, content length: 0, actual payload size: 0
Epic Manager: Category - LogHttp Message - 00000229AA2047B0: request failed, libcurl error: 7 (Couldn't connect to server)
Epic Manager: Category - LogHttp Message - 00000229AA2047B0: libcurl info message cache 0 (Hostname api.epicgames.dev was found in DNS cache)
Epic Manager: Category - LogHttp Message - 00000229AA2047B0: libcurl info message cache 1 (  Trying 104.18.124.108:443...)
Epic Manager: Category - LogHttp Message - 00000229AA2047B0: libcurl info message cache 2 (Immediate connect fail for 104.18.124.108: Connection refused)
Epic Manager: Category - LogHttp Message - 00000229AA2047B0: libcurl info message cache 3 (  Trying 104.18.125.108:443...)
Epic Manager: Category - LogHttp Message - 00000229AA2047B0: libcurl info message cache 4 (Immediate connect fail for 104.18.125.108: Connection refused)
Epic Manager: Category - LogHttp Message - 00000229AA2047B0: libcurl info message cache 5 (Failed to connect to api.epicgames.dev port 443 after 4 ms: Couldn't connect to server)
Epic Manager: Category - LogHttp Message - 00000229AA2047B0: libcurl info message cache 6 (Closing connection)
Epic Manager: Category - LogHttp Message - Retry exhausted on https://api.epicgames.dev/sdk/v1/default?platformId=WIN
Epic Manager: Category - LogHttp Message - 00000229AA203070: invalid HTTP response code received. URL: https://api.epicgames.dev/sdk/v1/default?platformId=WIN, HTTP code: 0, content length: 0, actual payload size: 0
Epic Manager: Category - LogHttp Message - 00000229AA203070: request failed, libcurl error: 7 (Couldn't connect to server)
Epic Manager: Category - LogHttp Message - 00000229AA203070: libcurl info message cache 0 (Hostname api.epicgames.dev was found in DNS cache)
Epic Manager: Category - LogHttp Message - 00000229AA203070: libcurl info message cache 1 (  Trying 104.18.124.108:443...)
Epic Manager: Category - LogHttp Message - 00000229AA203070: libcurl info message cache 2 (Immediate connect fail for 104.18.124.108: Connection refused)
Epic Manager: Category - LogHttp Message - 00000229AA203070: libcurl info message cache 3 (  Trying 104.18.125.108:443...)
Epic Manager: Category - LogHttp Message - 00000229AA203070: libcurl info message cache 4 (Immediate connect fail for 104.18.125.108: Connection refused)
Epic Manager: Category - LogHttp Message - 00000229AA203070: libcurl info message cache 5 (Failed to connect to api.epicgames.dev port 443 after 4 ms: Couldn't connect to server)
Epic Manager: Category - LogHttp Message - 00000229AA203070: libcurl info message cache 6 (Closing connection)
Epic Manager: Category - LogHttp Message - Retry exhausted on https://api.epicgames.dev/sdk/v1/default?platformId=WIN
Epic Manager: Category - LogHttp Message - 00000229AA204D80: invalid HTTP response code received. URL: https://api.epicgames.dev/telemetry/data/datarouter/api/v1/public/data?SessionID=%7B9C58BC38-4AB0-D50E-77E4-51917568EDA8%7D&AppID=EOSSDK.PhaseRelease.ReleaseBuild&AppVersion=1.19.0.3-49960398%20-%20%2B%2BEOSSDK%2BRelease-1.19.0.3&UserID=&AppEnvironment=Production&UploadType=sdkevents, HTTP code: 0, content length: 0, actual payload size: 0
Epic Manager: Category - LogHttp Message - 00000229AA204D80: request failed, libcurl error: 7 (Couldn't connect to server)
Epic Manager: Category - LogHttp Message - 00000229AA204D80: libcurl info message cache 0 (Hostname in DNS cache was stale, zapped)
Epic Manager: Category - LogHttp Message - 00000229AA204D80: libcurl info message cache 1 (  Trying 104.18.125.108:443...)
Epic Manager: Category - LogHttp Message - 00000229AA204D80: libcurl info message cache 2 (Immediate connect fail for 104.18.125.108: Connection refused)
Epic Manager: Category - LogHttp Message - 00000229AA204D80: libcurl info message cache 3 (  Trying 104.18.124.108:443...)
Epic Manager: Category - LogHttp Message - 00000229AA204D80: libcurl info message cache 4 (Immediate connect fail for 104.18.124.108: Connection refused)
Epic Manager: Category - LogHttp Message - 00000229AA204D80: libcurl info message cache 5 (Failed to connect to api.epicgames.dev port 443 after 13 ms: Couldn't connect to server)
Epic Manager: Category - LogHttp Message - 00000229AA204D80: libcurl info message cache 6 (Closing connection)
Epic Manager: Category - LogHttp Message - Retry exhausted on https://api.epicgames.dev/telemetry/data/datarouter/api/v1/public/data?SessionID=%7B9C58BC38-4AB0-D50E-77E4-51917568EDA8%7D&AppID=EOSSDK.PhaseRelease.ReleaseBuild&AppVersion=1.19.0.3-49960398%20-%20%2B%2BEOSSDK%2BRelease-1.19.0.3&UserID=&AppEnvironment=Production&UploadType=sdkevents
Epic Manager: Category - LogHttp Message - 00000229AA203070: invalid HTTP response code received. URL: https://api.epicgames.dev/sdk/v1/default?platformId=WIN, HTTP code: 0, content length: 0, actual payload size: 0
Epic Manager: Category - LogHttp Message - 00000229AA203070: request failed, libcurl error: 7 (Couldn't connect to server)
Epic Manager: Category - LogHttp Message - 00000229AA203070: libcurl info message cache 0 (Hostname api.epicgames.dev was found in DNS cache)
Epic Manager: Category - LogHttp Message - 00000229AA203070: libcurl info message cache 1 (  Trying 104.18.125.108:443...)
Epic Manager: Category - LogHttp Message - 00000229AA203070: libcurl info message cache 2 (Immediate connect fail for 104.18.125.108: Connection refused)
Epic Manager: Category - LogHttp Message - 00000229AA203070: libcurl info message cache 3 (  Trying 104.18.124.108:443...)
Epic Manager: Category - LogHttp Message - 00000229AA203070: libcurl info message cache 4 (Immediate connect fail for 104.18.124.108: Connection refused)
Epic Manager: Category - LogHttp Message - 00000229AA203070: libcurl info message cache 5 (Failed to connect to api.epicgames.dev port 443 after 4 ms: Couldn't connect to server)
Epic Manager: Category - LogHttp Message - 00000229AA203070: libcurl info message cache 6 (Closing connection)
Epic Manager: Category - LogHttp Message - Retry exhausted on https://api.epicgames.dev/sdk/v1/default?platformId=WIN
Epic Manager: Category - LogHttp Message - 00000229AA204D80: invalid HTTP response code received. URL: https://api.epicgames.dev/sdk/v1/default?platformId=WIN, HTTP code: 0, content length: 0, actual payload size: 0
Epic Manager: Category - LogHttp Message - 00000229AA204D80: request failed, libcurl error: 7 (Couldn't connect to server)
Epic Manager: Category - LogHttp Message - 00000229AA204D80: libcurl info message cache 0 (Hostname api.epicgames.dev was found in DNS cache)
Epic Manager: Category - LogHttp Message - 00000229AA204D80: libcurl info message cache 1 (  Trying 104.18.125.108:443...)
Epic Manager: Category - LogHttp Message - 00000229AA204D80: libcurl info message cache 2 (Immediate connect fail for 104.18.125.108: Connection refused)
Epic Manager: Category - LogHttp Message - 00000229AA204D80: libcurl info message cache 3 (  Trying 104.18.124.108:443...)
Epic Manager: Category - LogHttp Message - 00000229AA204D80: libcurl info message cache 4 (Immediate connect fail for 104.18.124.108: Connection refused)
Epic Manager: Category - LogHttp Message - 00000229AA204D80: libcurl info message cache 5 (Failed to connect to api.epicgames.dev port 443 after 4 ms: Couldn't connect to server)
Epic Manager: Category - LogHttp Message - 00000229AA204D80: libcurl info message cache 6 (Closing connection)
Epic Manager: Category - LogHttp Message - Retry exhausted on https://api.epicgames.dev/sdk/v1/default?platformId=WIN
Epic Manager: Category - LogHttp Message - 00000229AA2047B0: invalid HTTP response code received. URL: https://api.epicgames.dev/sdk/v1/default?platformId=WIN, HTTP code: 0, content length: 0, actual payload size: 0
Epic Manager: Category - LogHttp Message - 00000229AA2047B0: request failed, libcurl error: 7 (Couldn't connect to server)
Epic Manager: Category - LogHttp Message - 00000229AA2047B0: libcurl info message cache 0 (Hostname api.epicgames.dev was found in DNS cache)
Epic Manager: Category - LogHttp Message - 00000229AA2047B0: libcurl info message cache 1 (  Trying 104.18.125.108:443...)
Epic Manager: Category - LogHttp Message - 00000229AA2047B0: libcurl info message cache 2 (Immediate connect fail for 104.18.125.108: Connection refused)
Epic Manager: Category - LogHttp Message - 00000229AA2047B0: libcurl info message cache 3 (  Trying 104.18.124.108:443...)
Epic Manager: Category - LogHttp Message - 00000229AA2047B0: libcurl info message cache 4 (Immediate connect fail for 104.18.124.108: Connection refused)
Epic Manager: Category - LogHttp Message - 00000229AA2047B0: libcurl info message cache 5 (Failed to connect to api.epicgames.dev port 443 after 4 ms: Couldn't connect to server)
Epic Manager: Category - LogHttp Message - 00000229AA2047B0: libcurl info message cache 6 (Closing connection)
Epic Manager: Category - LogHttp Message - Retry exhausted on https://api.epicgames.dev/sdk/v1/default?platformId=WIN
Epic Manager: Category - LogHttp Message - 00000229AA2047B0: invalid HTTP response code received. URL: https://api.epicgames.dev/sdk/v1/default?platformId=WIN, HTTP code: 0, content length: 0, actual payload size: 0
Epic Manager: Category - LogHttp Message - 00000229AA2047B0: request failed, libcurl error: 7 (Couldn't connect to server)
Epic Manager: Category - LogHttp Message - 00000229AA2047B0: libcurl info message cache 0 (Hostname api.epicgames.dev was found in DNS cache)
Epic Manager: Category - LogHttp Message - 00000229AA2047B0: libcurl info message cache 1 (  Trying 104.18.125.108:443...)
Epic Manager: Category - LogHttp Message - 00000229AA2047B0: libcurl info message cache 2 (Immediate connect fail for 104.18.125.108: Connection refused)
Epic Manager: Category - LogHttp Message - 00000229AA2047B0: libcurl info message cache 3 (  Trying 104.18.124.108:443...)
Epic Manager: Category - LogHttp Message - 00000229AA2047B0: libcurl info message cache 4 (Immediate connect fail for 104.18.124.108: Connection refused)
Epic Manager: Category - LogHttp Message - 00000229AA2047B0: libcurl info message cache 5 (Failed to connect to api.epicgames.dev port 443 after 5 ms: Couldn't connect to server)
Epic Manager: Category - LogHttp Message - 00000229AA2047B0: libcurl info message cache 6 (Closing connection)
Epic Manager: Category - LogHttp Message - Retry exhausted on https://api.epicgames.dev/sdk/v1/default?platformId=WIN
Epic Manager: Category - LogHttp Message - 00000229AA2047B0: invalid HTTP response code received. URL: https://api.epicgames.dev/sdk/v1/default?platformId=WIN, HTTP code: 0, content length: 0, actual payload size: 0
Epic Manager: Category - LogHttp Message - 00000229AA2047B0: request failed, libcurl error: 7 (Couldn't connect to server)
Epic Manager: Category - LogHttp Message - 00000229AA2047B0: libcurl info message cache 0 (Hostname api.epicgames.dev was found in DNS cache)
Epic Manager: Category - LogHttp Message - 00000229AA2047B0: libcurl info message cache 1 (  Trying 104.18.125.108:443...)
Epic Manager: Category - LogHttp Message - 00000229AA2047B0: libcurl info message cache 2 (Immediate connect fail for 104.18.125.108: Connection refused)
Epic Manager: Category - LogHttp Message - 00000229AA2047B0: libcurl info message cache 3 (  Trying 104.18.124.108:443...)
Epic Manager: Category - LogHttp Message - 00000229AA2047B0: libcurl info message cache 4 (Immediate connect fail for 104.18.124.108: Connection refused)
Epic Manager: Category - LogHttp Message - 00000229AA2047B0: libcurl info message cache 5 (Failed to connect to api.epicgames.dev port 443 after 4 ms: Couldn't connect to server)
Epic Manager: Category - LogHttp Message - 00000229AA2047B0: libcurl info message cache 6 (Closing connection)
Epic Manager: Category - LogHttp Message - Retry exhausted on https://api.epicgames.dev/sdk/v1/default?platformId=WIN
Epic Manager: Category - LogHttp Message - 00000229AA203070: invalid HTTP response code received. URL: https://api.epicgames.dev/sdk/v1/default?platformId=WIN, HTTP code: 0, content length: 0, actual payload size: 0
Epic Manager: Category - LogHttp Message - 00000229AA203070: request failed, libcurl error: 7 (Couldn't connect to server)
Epic Manager: Category - LogHttp Message - 00000229AA203070: libcurl info message cache 0 (Hostname api.epicgames.dev was found in DNS cache)
Epic Manager: Category - LogHttp Message - 00000229AA203070: libcurl info message cache 1 (  Trying 104.18.125.108:443...)
Epic Manager: Category - LogHttp Message - 00000229AA203070: libcurl info message cache 2 (Immediate connect fail for 104.18.125.108: Connection refused)
Epic Manager: Category - LogHttp Message - 00000229AA203070: libcurl info message cache 3 (  Trying 104.18.124.108:443...)
Epic Manager: Category - LogHttp Message - 00000229AA203070: libcurl info message cache 4 (Immediate connect fail for 104.18.124.108: Connection refused)
Epic Manager: Category - LogHttp Message - 00000229AA203070: libcurl info message cache 5 (Failed to connect to api.epicgames.dev port 443 after 4 ms: Couldn't connect to server)
Epic Manager: Category - LogHttp Message - 00000229AA203070: libcurl info message cache 6 (Closing connection)
Epic Manager: Category - LogHttp Message - Retry exhausted on https://api.epicgames.dev/sdk/v1/default?platformId=WIN
Epic Manager: Category - LogHttp Message - 00000229AA2047B0: invalid HTTP response code received. URL: https://api.epicgames.dev/sdk/v1/default?platformId=WIN, HTTP code: 0, content length: 0, actual payload size: 0
Epic Manager: Category - LogHttp Message - 00000229AA2047B0: request failed, libcurl error: 7 (Couldn't connect to server)
Epic Manager: Category - LogHttp Message - 00000229AA2047B0: libcurl info message cache 0 (Hostname api.epicgames.dev was found in DNS cache)
Epic Manager: Category - LogHttp Message - 00000229AA2047B0: libcurl info message cache 1 (  Trying 104.18.125.108:443...)
Epic Manager: Category - LogHttp Message - 00000229AA2047B0: libcurl info message cache 2 (Immediate connect fail for 104.18.125.108: Connection refused)
Epic Manager: Category - LogHttp Message - 00000229AA2047B0: libcurl info message cache 3 (  Trying 104.18.124.108:443...)
Epic Manager: Category - LogHttp Message - 00000229AA2047B0: libcurl info message cache 4 (Immediate connect fail for 104.18.124.108: Connection refused)
Epic Manager: Category - LogHttp Message - 00000229AA2047B0: libcurl info message cache 5 (Failed to connect to api.epicgames.dev port 443 after 4 ms: Couldn't connect to server)
Epic Manager: Category - LogHttp Message - 00000229AA2047B0: libcurl info message cache 6 (Closing connection)
Epic Manager: Category - LogHttp Message - Retry exhausted on https://api.epicgames.dev/sdk/v1/default?platformId=WIN
Epic Manager: Category - LogHttp Message - 00000229AA203070: invalid HTTP response code received. URL: https://api.epicgames.dev/sdk/v1/default?platformId=WIN, HTTP code: 0, content length: 0, actual payload size: 0
Epic Manager: Category - LogHttp Message - 00000229AA203070: request failed, libcurl error: 7 (Couldn't connect to server)
Epic Manager: Category - LogHttp Message - 00000229AA203070: libcurl info message cache 0 (Hostname api.epicgames.dev was found in DNS cache)
Epic Manager: Category - LogHttp Message - 00000229AA203070: libcurl info message cache 1 (  Trying 104.18.125.108:443...)
Epic Manager: Category - LogHttp Message - 00000229AA203070: libcurl info message cache 2 (Immediate connect fail for 104.18.125.108: Connection refused)
Epic Manager: Category - LogHttp Message - 00000229AA203070: libcurl info message cache 3 (  Trying 104.18.124.108:443...)
Epic Manager: Category - LogHttp Message - 00000229AA203070: libcurl info message cache 4 (Immediate connect fail for 104.18.124.108: Connection refused)
Epic Manager: Category - LogHttp Message - 00000229AA203070: libcurl info message cache 5 (Failed to connect to api.epicgames.dev port 443 after 4 ms: Couldn't connect to server)
Epic Manager: Category - LogHttp Message - 00000229AA203070: libcurl info message cache 6 (Closing connection)
Epic Manager: Category - LogHttp Message - Retry exhausted on https://api.epicgames.dev/sdk/v1/default?platformId=WIN
Epic Manager: Category - LogHttp Message - 00000229AA203070: invalid HTTP response code received. URL: https://api.epicgames.dev/sdk/v1/default?platformId=WIN, HTTP code: 0, content length: 0, actual payload size: 0
Epic Manager: Category - LogHttp Message - 00000229AA203070: request failed, libcurl error: 7 (Couldn't connect to server)
Epic Manager: Category - LogHttp Message - 00000229AA203070: libcurl info message cache 0 (Hostname api.epicgames.dev was found in DNS cache)
Epic Manager: Category - LogHttp Message - 00000229AA203070: libcurl info message cache 1 (  Trying 104.18.125.108:443...)
Epic Manager: Category - LogHttp Message - 00000229AA203070: libcurl info message cache 2 (Immediate connect fail for 104.18.125.108: Connection refused)
Epic Manager: Category - LogHttp Message - 00000229AA203070: libcurl info message cache 3 (  Trying 104.18.124.108:443...)
Epic Manager: Category - LogHttp Message - 00000229AA203070: libcurl info message cache 4 (Immediate connect fail for 104.18.124.108: Connection refused)
Epic Manager: Category - LogHttp Message - 00000229AA203070: libcurl info message cache 5 (Failed to connect to api.epicgames.dev port 443 after 4 ms: Couldn't connect to server)
Epic Manager: Category - LogHttp Message - 00000229AA203070: libcurl info message cache 6 (Closing connection)
Epic Manager: Category - LogHttp Message - Retry exhausted on https://api.epicgames.dev/sdk/v1/default?platformId=WIN
Epic Manager: Category - LogHttp Message - 00000229AA203070: invalid HTTP response code received. URL: https://api.epicgames.dev/telemetry/data/datarouter/api/v1/public/data?SessionID=%7B9C58BC38-4AB0-D50E-77E4-51917568EDA8%7D&AppID=EOSSDK.PhaseRelease.ReleaseBuild&AppVersion=1.19.0.3-49960398%20-%20%2B%2BEOSSDK%2BRelease-1.19.0.3&UserID=&AppEnvironment=Production&UploadType=sdkevents, HTTP code: 0, content length: 0, actual payload size: 0
Epic Manager: Category - LogHttp Message - 00000229AA203070: request failed, libcurl error: 7 (Couldn't connect to server)
Epic Manager: Category - LogHttp Message - 00000229AA203070: libcurl info message cache 0 (Hostname in DNS cache was stale, zapped)
Epic Manager: Category - LogHttp Message - 00000229AA203070: libcurl info message cache 1 (  Trying 104.18.124.108:443...)
Epic Manager: Category - LogHttp Message - 00000229AA203070: libcurl info message cache 2 (Immediate connect fail for 104.18.124.108: Connection refused)
Epic Manager: Category - LogHttp Message - 00000229AA203070: libcurl info message cache 3 (  Trying 104.18.125.108:443...)
Epic Manager: Category - LogHttp Message - 00000229AA203070: libcurl info message cache 4 (Immediate connect fail for 104.18.125.108: Connection refused)
Epic Manager: Category - LogHttp Message - 00000229AA203070: libcurl info message cache 5 (Failed to connect to api.epicgames.dev port 443 after 13 ms: Couldn't connect to server)
Epic Manager: Category - LogHttp Message - 00000229AA203070: libcurl info message cache 6 (Closing connection)
Epic Manager: Category - LogHttp Message - Retry exhausted on https://api.epicgames.dev/telemetry/data/datarouter/api/v1/public/data?SessionID=%7B9C58BC38-4AB0-D50E-77E4-51917568EDA8%7D&AppID=EOSSDK.PhaseRelease.ReleaseBuild&AppVersion=1.19.0.3-49960398%20-%20%2B%2BEOSSDK%2BRelease-1.19.0.3&UserID=&AppEnvironment=Production&UploadType=sdkevents
Epic Manager: Category - LogHttp Message - 00000229AA203070: invalid HTTP response code received. URL: https://api.epicgames.dev/sdk/v1/default?platformId=WIN, HTTP code: 0, content length: 0, actual payload size: 0
Epic Manager: Category - LogHttp Message - 00000229AA203070: request failed, libcurl error: 7 (Couldn't connect to server)
Epic Manager: Category - LogHttp Message - 00000229AA203070: libcurl info message cache 0 (Hostname api.epicgames.dev was found in DNS cache)
Epic Manager: Category - LogHttp Message - 00000229AA203070: libcurl info message cache 1 (  Trying 104.18.124.108:443...)
Epic Manager: Category - LogHttp Message - 00000229AA203070: libcurl info message cache 2 (Immediate connect fail for 104.18.124.108: Connection refused)
Epic Manager: Category - LogHttp Message - 00000229AA203070: libcurl info message cache 3 (  Trying 104.18.125.108:443...)
Epic Manager: Category - LogHttp Message - 00000229AA203070: libcurl info message cache 4 (Immediate connect fail for 104.18.125.108: Connection refused)
Epic Manager: Category - LogHttp Message - 00000229AA203070: libcurl info message cache 5 (Failed to connect to api.epicgames.dev port 443 after 4 ms: Couldn't connect to server)
Epic Manager: Category - LogHttp Message - 00000229AA203070: libcurl info message cache 6 (Closing connection)
Epic Manager: Category - LogHttp Message - Retry exhausted on https://api.epicgames.dev/sdk/v1/default?platformId=WIN
Epic Manager: Category - LogHttp Message - 00000229AA203070: invalid HTTP response code received. URL: https://api.epicgames.dev/sdk/v1/default?platformId=WIN, HTTP code: 0, content length: 0, actual payload size: 0
Epic Manager: Category - LogHttp Message - 00000229AA203070: request failed, libcurl error: 7 (Couldn't connect to server)
Epic Manager: Category - LogHttp Message - 00000229AA203070: libcurl info message cache 0 (Hostname api.epicgames.dev was found in DNS cache)
Epic Manager: Category - LogHttp Message - 00000229AA203070: libcurl info message cache 1 (  Trying 104.18.124.108:443...)
Epic Manager: Category - LogHttp Message - 00000229AA203070: libcurl info message cache 2 (Immediate connect fail for 104.18.124.108: Connection refused)
Epic Manager: Category - LogHttp Message - 00000229AA203070: libcurl info message cache 3 (  Trying 104.18.125.108:443...)
Epic Manager: Category - LogHttp Message - 00000229AA203070: libcurl info message cache 4 (Immediate connect fail for 104.18.125.108: Connection refused)
Epic Manager: Category - LogHttp Message - 00000229AA203070: libcurl info message cache 5 (Failed to connect to api.epicgames.dev port 443 after 4 ms: Couldn't connect to server)
Epic Manager: Category - LogHttp Message - 00000229AA203070: libcurl info message cache 6 (Closing connection)
Epic Manager: Category - LogHttp Message - Retry exhausted on https://api.epicgames.dev/sdk/v1/default?platformId=WIN
Epic Manager: Category - LogHttp Message - 00000229AA203070: invalid HTTP response code received. URL: https://api.epicgames.dev/sdk/v1/default?platformId=WIN, HTTP code: 0, content length: 0, actual payload size: 0
Epic Manager: Category - LogHttp Message - 00000229AA203070: request failed, libcurl error: 7 (Couldn't connect to server)
Epic Manager: Category - LogHttp Message - 00000229AA203070: libcurl info message cache 0 (Hostname api.epicgames.dev was found in DNS cache)
Epic Manager: Category - LogHttp Message - 00000229AA203070: libcurl info message cache 1 (  Trying 104.18.124.108:443...)
Epic Manager: Category - LogHttp Message - 00000229AA203070: libcurl info message cache 2 (Immediate connect fail for 104.18.124.108: Connection refused)
Epic Manager: Category - LogHttp Message - 00000229AA203070: libcurl info message cache 3 (  Trying 104.18.125.108:443...)
Epic Manager: Category - LogHttp Message - 00000229AA203070: libcurl info message cache 4 (Immediate connect fail for 104.18.125.108: Connection refused)
Epic Manager: Category - LogHttp Message - 00000229AA203070: libcurl info message cache 5 (Failed to connect to api.epicgames.dev port 443 after 4 ms: Couldn't connect to server)
Epic Manager: Category - LogHttp Message - 00000229AA203070: libcurl info message cache 6 (Closing connection)
Epic Manager: Category - LogHttp Message - Retry exhausted on https://api.epicgames.dev/sdk/v1/default?platformId=WIN
Epic Manager: Category - LogHttp Message - 00000229AA203070: invalid HTTP response code received. URL: https://api.epicgames.dev/sdk/v1/default?platformId=WIN, HTTP code: 0, content length: 0, actual payload size: 0
Epic Manager: Category - LogHttp Message - 00000229AA203070: request failed, libcurl error: 7 (Couldn't connect to server)
Epic Manager: Category - LogHttp Message - 00000229AA203070: libcurl info message cache 0 (Hostname api.epicgames.dev was found in DNS cache)
Epic Manager: Category - LogHttp Message - 00000229AA203070: libcurl info message cache 1 (  Trying 104.18.124.108:443...)
Epic Manager: Category - LogHttp Message - 00000229AA203070: libcurl info message cache 2 (Immediate connect fail for 104.18.124.108: Connection refused)
Epic Manager: Category - LogHttp Message - 00000229AA203070: libcurl info message cache 3 (  Trying 104.18.125.108:443...)
Epic Manager: Category - LogHttp Message - 00000229AA203070: libcurl info message cache 4 (Immediate connect fail for 104.18.125.108: Connection refused)
Epic Manager: Category - LogHttp Message - 00000229AA203070: libcurl info message cache 5 (Failed to connect to api.epicgames.dev port 443 after 4 ms: Couldn't connect to server)
Epic Manager: Category - LogHttp Message - 00000229AA203070: libcurl info message cache 6 (Closing connection)
Epic Manager: Category - LogHttp Message - Retry exhausted on https://api.epicgames.dev/sdk/v1/default?platformId=WIN
Epic Manager: Category - LogHttp Message - 00000229AA2047B0: invalid HTTP response code received. URL: https://api.epicgames.dev/sdk/v1/default?platformId=WIN, HTTP code: 0, content length: 0, actual payload size: 0
Epic Manager: Category - LogHttp Message - 00000229AA2047B0: request failed, libcurl error: 7 (Couldn't connect to server)
Epic Manager: Category - LogHttp Message - 00000229AA2047B0: libcurl info message cache 0 (Hostname api.epicgames.dev was found in DNS cache)
Epic Manager: Category - LogHttp Message - 00000229AA2047B0: libcurl info message cache 1 (  Trying 104.18.124.108:443...)
Epic Manager: Category - LogHttp Message - 00000229AA2047B0: libcurl info message cache 2 (Immediate connect fail for 104.18.124.108: Connection refused)
Epic Manager: Category - LogHttp Message - 00000229AA2047B0: libcurl info message cache 3 (  Trying 104.18.125.108:443...)
Epic Manager: Category - LogHttp Message - 00000229AA2047B0: libcurl info message cache 4 (Immediate connect fail for 104.18.125.108: Connection refused)
Epic Manager: Category - LogHttp Message - 00000229AA2047B0: libcurl info message cache 5 (Failed to connect to api.epicgames.dev port 443 after 4 ms: Couldn't connect to server)
Epic Manager: Category - LogHttp Message - 00000229AA2047B0: libcurl info message cache 6 (Closing connection)
Epic Manager: Category - LogHttp Message - Retry exhausted on https://api.epicgames.dev/sdk/v1/default?platformId=WIN
Epic Manager: Category - LogHttp Message - 00000229AA2047B0: invalid HTTP response code received. URL: https://api.epicgames.dev/sdk/v1/default?platformId=WIN, HTTP code: 0, content length: 0, actual payload size: 0
Epic Manager: Category - LogHttp Message - 00000229AA2047B0: request failed, libcurl error: 7 (Couldn't connect to server)
Epic Manager: Category - LogHttp Message - 00000229AA2047B0: libcurl info message cache 0 (Hostname api.epicgames.dev was found in DNS cache)
Epic Manager: Category - LogHttp Message - 00000229AA2047B0: libcurl info message cache 1 (  Trying 104.18.124.108:443...)
Epic Manager: Category - LogHttp Message - 00000229AA2047B0: libcurl info message cache 2 (Immediate connect fail for 104.18.124.108: Connection refused)
Epic Manager: Category - LogHttp Message - 00000229AA2047B0: libcurl info message cache 3 (  Trying 104.18.125.108:443...)
Epic Manager: Category - LogHttp Message - 00000229AA2047B0: libcurl info message cache 4 (Immediate connect fail for 104.18.125.108: Connection refused)
Epic Manager: Category - LogHttp Message - 00000229AA2047B0: libcurl info message cache 5 (Failed to connect to api.epicgames.dev port 443 after 4 ms: Couldn't connect to server)
Epic Manager: Category - LogHttp Message - 00000229AA2047B0: libcurl info message cache 6 (Closing connection)
Epic Manager: Category - LogHttp Message - Retry exhausted on https://api.epicgames.dev/sdk/v1/default?platformId=WIN
Epic Manager: Category - LogHttp Message - 00000229AA2047B0: invalid HTTP response code received. URL: https://api.epicgames.dev/sdk/v1/default?platformId=WIN, HTTP code: 0, content length: 0, actual payload size: 0
Epic Manager: Category - LogHttp Message - 00000229AA2047B0: request failed, libcurl error: 7 (Couldn't connect to server)
Epic Manager: Category - LogHttp Message - 00000229AA2047B0: libcurl info message cache 0 (Hostname api.epicgames.dev was found in DNS cache)
Epic Manager: Category - LogHttp Message - 00000229AA2047B0: libcurl info message cache 1 (  Trying 104.18.124.108:443...)
Epic Manager: Category - LogHttp Message - 00000229AA2047B0: libcurl info message cache 2 (Immediate connect fail for 104.18.124.108: Connection refused)
Epic Manager: Category - LogHttp Message - 00000229AA2047B0: libcurl info message cache 3 (  Trying 104.18.125.108:443...)
Epic Manager: Category - LogHttp Message - 00000229AA2047B0: libcurl info message cache 4 (Immediate connect fail for 104.18.125.108: Connection refused)
Epic Manager: Category - LogHttp Message - 00000229AA2047B0: libcurl info message cache 5 (Failed to connect to api.epicgames.dev port 443 after 4 ms: Couldn't connect to server)
Epic Manager: Category - LogHttp Message - 00000229AA2047B0: libcurl info message cache 6 (Closing connection)
Epic Manager: Category - LogHttp Message - Retry exhausted on https://api.epicgames.dev/sdk/v1/default?platformId=WIN
Epic Manager: Category - LogHttp Message - 00000229AA2047B0: invalid HTTP response code received. URL: https://api.epicgames.dev/telemetry/data/datarouter/api/v1/public/data?SessionID=%7B9C58BC38-4AB0-D50E-77E4-51917568EDA8%7D&AppID=EOSSDK.PhaseRelease.ReleaseBuild&AppVersion=1.19.0.3-49960398%20-%20%2B%2BEOSSDK%2BRelease-1.19.0.3&UserID=&AppEnvironment=Production&UploadType=sdkevents, HTTP code: 0, content length: 0, actual payload size: 0
Epic Manager: Category - LogHttp Message - 00000229AA2047B0: request failed, libcurl error: 7 (Couldn't connect to server)
Epic Manager: Category - LogHttp Message - 00000229AA2047B0: libcurl info message cache 0 (Hostname in DNS cache was stale, zapped)
Epic Manager: Category - LogHttp Message - 00000229AA2047B0: libcurl info message cache 1 (  Trying 104.18.124.108:443...)
Epic Manager: Category - LogHttp Message - 00000229AA2047B0: libcurl info message cache 2 (Immediate connect fail for 104.18.124.108: Connection refused)
Epic Manager: Category - LogHttp Message - 00000229AA2047B0: libcurl info message cache 3 (  Trying 104.18.125.108:443...)
Epic Manager: Category - LogHttp Message - 00000229AA2047B0: libcurl info message cache 4 (Immediate connect fail for 104.18.125.108: Connection refused)
Epic Manager: Category - LogHttp Message - 00000229AA2047B0: libcurl info message cache 5 (Failed to connect to api.epicgames.dev port 443 after 14 ms: Couldn't connect to server)
Epic Manager: Category - LogHttp Message - 00000229AA2047B0: libcurl info message cache 6 (Closing connection)
Epic Manager: Category - LogHttp Message - Retry exhausted on https://api.epicgames.dev/telemetry/data/datarouter/api/v1/public/data?SessionID=%7B9C58BC38-4AB0-D50E-77E4-51917568EDA8%7D&AppID=EOSSDK.PhaseRelease.ReleaseBuild&AppVersion=1.19.0.3-49960398%20-%20%2B%2BEOSSDK%2BRelease-1.19.0.3&UserID=&AppEnvironment=Production&UploadType=sdkevents
Epic Manager: Category - LogHttp Message - 00000229AA203070: invalid HTTP response code received. URL: https://api.epicgames.dev/sdk/v1/default?platformId=WIN, HTTP code: 0, content length: 0, actual payload size: 0
Epic Manager: Category - LogHttp Message - 00000229AA203070: request failed, libcurl error: 7 (Couldn't connect to server)
Epic Manager: Category - LogHttp Message - 00000229AA203070: libcurl info message cache 0 (Hostname api.epicgames.dev was found in DNS cache)
Epic Manager: Category - LogHttp Message - 00000229AA203070: libcurl info message cache 1 (  Trying 104.18.124.108:443...)
Epic Manager: Category - LogHttp Message - 00000229AA203070: libcurl info message cache 2 (Immediate connect fail for 104.18.124.108: Connection refused)
Epic Manager: Category - LogHttp Message - 00000229AA203070: libcurl info message cache 3 (  Trying 104.18.125.108:443...)
Epic Manager: Category - LogHttp Message - 00000229AA203070: libcurl info message cache 4 (Immediate connect fail for 104.18.125.108: Connection refused)
Epic Manager: Category - LogHttp Message - 00000229AA203070: libcurl info message cache 5 (Failed to connect to api.epicgames.dev port 443 after 4 ms: Couldn't connect to server)
Epic Manager: Category - LogHttp Message - 00000229AA203070: libcurl info message cache 6 (Closing connection)
Epic Manager: Category - LogHttp Message - Retry exhausted on https://api.epicgames.dev/sdk/v1/default?platformId=WIN
Epic Manager: Category - LogHttp Message - 00000229AA203070: invalid HTTP response code received. URL: https://api.epicgames.dev/sdk/v1/default?platformId=WIN, HTTP code: 0, content length: 0, actual payload size: 0
Epic Manager: Category - LogHttp Message - 00000229AA203070: request failed, libcurl error: 7 (Couldn't connect to server)
Epic Manager: Category - LogHttp Message - 00000229AA203070: libcurl info message cache 0 (Hostname api.epicgames.dev was found in DNS cache)
Epic Manager: Category - LogHttp Message - 00000229AA203070: libcurl info message cache 1 (  Trying 104.18.124.108:443...)
Epic Manager: Category - LogHttp Message - 00000229AA203070: libcurl info message cache 2 (Immediate connect fail for 104.18.124.108: Connection refused)
Epic Manager: Category - LogHttp Message - 00000229AA203070: libcurl info message cache 3 (  Trying 104.18.125.108:443...)
Epic Manager: Category - LogHttp Message - 00000229AA203070: libcurl info message cache 4 (Immediate connect fail for 104.18.125.108: Connection refused)
Epic Manager: Category - LogHttp Message - 00000229AA203070: libcurl info message cache 5 (Failed to connect to api.epicgames.dev port 443 after 4 ms: Couldn't connect to server)
Epic Manager: Category - LogHttp Message - 00000229AA203070: libcurl info message cache 6 (Closing connection)
Epic Manager: Category - LogHttp Message - Retry exhausted on https://api.epicgames.dev/sdk/v1/default?platformId=WIN
Epic Manager: Category - LogHttp Message - 00000229AA2047B0: invalid HTTP response code received. URL: https://api.epicgames.dev/sdk/v1/default?platformId=WIN, HTTP code: 0, content length: 0, actual payload size: 0
Epic Manager: Category - LogHttp Message - 00000229AA2047B0: request failed, libcurl error: 7 (Couldn't connect to server)
Epic Manager: Category - LogHttp Message - 00000229AA2047B0: libcurl info message cache 0 (Hostname api.epicgames.dev was found in DNS cache)
Epic Manager: Category - LogHttp Message - 00000229AA2047B0: libcurl info message cache 1 (  Trying 104.18.124.108:443...)
Epic Manager: Category - LogHttp Message - 00000229AA2047B0: libcurl info message cache 2 (Immediate connect fail for 104.18.124.108: Connection refused)
Epic Manager: Category - LogHttp Message - 00000229AA2047B0: libcurl info message cache 3 (  Trying 104.18.125.108:443...)
Epic Manager: Category - LogHttp Message - 00000229AA2047B0: libcurl info message cache 4 (Immediate connect fail for 104.18.125.108: Connection refused)
Epic Manager: Category - LogHttp Message - 00000229AA2047B0: libcurl info message cache 5 (Failed to connect to api.epicgames.dev port 443 after 4 ms: Couldn't connect to server)
Epic Manager: Category - LogHttp Message - 00000229AA2047B0: libcurl info message cache 6 (Closing connection)
Epic Manager: Category - LogHttp Message - Retry exhausted on https://api.epicgames.dev/sdk/v1/default?platformId=WIN
Epic Manager: Category - LogHttp Message - 00000229AA2047B0: invalid HTTP response code received. URL: https://api.epicgames.dev/sdk/v1/default?platformId=WIN, HTTP code: 0, content length: 0, actual payload size: 0
Epic Manager: Category - LogHttp Message - 00000229AA2047B0: request failed, libcurl error: 7 (Couldn't connect to server)
Epic Manager: Category - LogHttp Message - 00000229AA2047B0: libcurl info message cache 0 (Hostname api.epicgames.dev was found in DNS cache)
Epic Manager: Category - LogHttp Message - 00000229AA2047B0: libcurl info message cache 1 (  Trying 104.18.124.108:443...)
Epic Manager: Category - LogHttp Message - 00000229AA2047B0: libcurl info message cache 2 (Immediate connect fail for 104.18.124.108: Connection refused)
Epic Manager: Category - LogHttp Message - 00000229AA2047B0: libcurl info message cache 3 (  Trying 104.18.125.108:443...)
Epic Manager: Category - LogHttp Message - 00000229AA2047B0: libcurl info message cache 4 (Immediate connect fail for 104.18.125.108: Connection refused)
Epic Manager: Category - LogHttp Message - 00000229AA2047B0: libcurl info message cache 5 (Failed to connect to api.epicgames.dev port 443 after 5 ms: Couldn't connect to server)
Epic Manager: Category - LogHttp Message - 00000229AA2047B0: libcurl info message cache 6 (Closing connection)
Epic Manager: Category - LogHttp Message - Retry exhausted on https://api.epicgames.dev/sdk/v1/default?platformId=WIN
[DewMod] Initialized com.doobyy.dpsmeter::DPSMeter
[DewMod] Activating com.doobyy.dpsmeter
[DPS Meter][DIAGNOSTIC] v4.46 loaded
[DPS Meter] Damage event listener attached.
[DPS Meter] Zone/node reset listeners attached.
[DPS Meter][HEAL TRACE] ENTER source=type=Se_Star_L_HealOnAttack name=Se_Star_L_HealOnAttack(Clone)
[DPS Meter][HEAL TRACE] TARGET STAR EFFECT FOUND name=Se_Star_L_HealOnAttack(Clone)
[DPS Meter][HEAL TRACE] SELECTED LOADOUT type=HeroLoadoutData
[DPS Meter][HEAL TRACE] OBJECT SCAN SelectedLoadout type=HeroLoadoutData
[DPS Meter][HEAL TRACE] OBJECT MEMBER HeroLoadoutData.skillQ declaredType=System.Int32 valueType=System.Int32
[DPS Meter][HEAL TRACE] OBJECT MEMBER HeroLoadoutData.skillQ value=1
[DPS Meter][HEAL TRACE] OBJECT MEMBER HeroLoadoutData.skillR declaredType=System.Int32 valueType=System.Int32
[DPS Meter][HEAL TRACE] OBJECT MEMBER HeroLoadoutData.skillR value=0
[DPS Meter][HEAL TRACE] OBJECT MEMBER HeroLoadoutData.skillTrait declaredType=System.Int32 valueType=System.Int32
[DPS Meter][HEAL TRACE] OBJECT MEMBER HeroLoadoutData.skillTrait value=0
[DPS Meter][HEAL TRACE] OBJECT MEMBER HeroLoadoutData.skillMovement declaredType=System.Int32 valueType=System.Int32
[DPS Meter][HEAL TRACE] OBJECT MEMBER HeroLoadoutData.skillMovement value=0
[DPS Meter][HEAL TRACE] OBJECT MEMBER HeroLoadoutData.cDestruction declaredType=System.Collections.Generic.List`1[[LoadoutStarItem, Dew.Core, Version=0.0.0.0, Culture=neutral, PublicKeyToken=null]] valueType=System.Collections.Generic.List`1[[LoadoutStarItem, Dew.Core, Version=0.0.0.0, Culture=neutral, PublicKeyToken=null]]
[DPS Meter][HEAL TRACE] OBJECT MEMBER HeroLoadoutData.cDestruction item[0] type=LoadoutStarItem value=LoadoutStarItem
[DPS Meter][HEAL TRACE] OBJECT SCAN HeroLoadoutData.cDestruction[0] type=LoadoutStarItem
[DPS Meter][HEAL TRACE] OBJECT MEMBER LoadoutStarItem.name declaredType=System.String valueType=System.String
[DPS Meter][HEAL TRACE] LoadoutStarItem.name -> string="Se_Star_D_RiftFirstCastDamageUp"
[DPS Meter][HEAL TRACE] OBJECT MEMBER LoadoutStarItem.level declaredType=System.Int32 valueType=System.Int32
[DPS Meter][HEAL TRACE] OBJECT MEMBER LoadoutStarItem.level value=3
[DPS Meter][HEAL TRACE] OBJECT MEMBER HeroLoadoutData.cDestruction item[1] type=LoadoutStarItem value=LoadoutStarItem
[DPS Meter][HEAL TRACE] OBJECT SCAN HeroLoadoutData.cDestruction[1] type=LoadoutStarItem
[DPS Meter][HEAL TRACE] OBJECT MEMBER LoadoutStarItem.name declaredType=System.String valueType=System.String
[DPS Meter][HEAL TRACE] LoadoutStarItem.name -> string="Se_Star_D_FireAmp"
[DPS Meter][HEAL TRACE] OBJECT MEMBER LoadoutStarItem.level declaredType=System.Int32 valueType=System.Int32
[DPS Meter][HEAL TRACE] OBJECT MEMBER LoadoutStarItem.level value=4
[DPS Meter][HEAL TRACE] OBJECT MEMBER HeroLoadoutData.cDestruction item[2] type=LoadoutStarItem value=LoadoutStarItem
[DPS Meter][HEAL TRACE] OBJECT SCAN HeroLoadoutData.cDestruction[2] type=LoadoutStarItem
[DPS Meter][HEAL TRACE] OBJECT MEMBER LoadoutStarItem.name declaredType=System.String valueType=System.String
[DPS Meter][HEAL TRACE] LoadoutStarItem.name -> string="Se_Star_D_BossDamageAmp"
[DPS Meter][HEAL TRACE] OBJECT MEMBER LoadoutStarItem.level declaredType=System.Int32 valueType=System.Int32
[DPS Meter][HEAL TRACE] OBJECT MEMBER LoadoutStarItem.level value=4
[DPS Meter][HEAL TRACE] OBJECT MEMBER HeroLoadoutData.cDestruction item[3] type=LoadoutStarItem value=LoadoutStarItem
[DPS Meter][HEAL TRACE] OBJECT SCAN HeroLoadoutData.cDestruction[3] type=LoadoutStarItem
[DPS Meter][HEAL TRACE] OBJECT MEMBER LoadoutStarItem.name declaredType=System.String valueType=System.String
[DPS Meter][HEAL TRACE] LoadoutStarItem.name -> string="Se_Star_Bismuth_D_SkillHasteAndAutoCast"
[DPS Meter][HEAL TRACE] OBJECT MEMBER LoadoutStarItem.level declaredType=System.Int32 valueType=System.Int32
[DPS Meter][HEAL TRACE] OBJECT MEMBER LoadoutStarItem.level value=4
[DPS Meter][HEAL TRACE] OBJECT MEMBER HeroLoadoutData.cDestruction item[4] type=LoadoutStarItem value=LoadoutStarItem
[DPS Meter][HEAL TRACE] OBJECT SCAN HeroLoadoutData.cDestruction[4] type=LoadoutStarItem
[DPS Meter][HEAL TRACE] OBJECT MEMBER LoadoutStarItem.name declaredType=System.String valueType=System.String
[DPS Meter][HEAL TRACE] LoadoutStarItem.name -> string="Se_Star_Bismuth_D_BonusAttackEffect"
[DPS Meter][HEAL TRACE] OBJECT MEMBER LoadoutStarItem.level declaredType=System.Int32 valueType=System.Int32
[DPS Meter][HEAL TRACE] OBJECT MEMBER LoadoutStarItem.level value=3
[DPS Meter][HEAL TRACE] OBJECT MEMBER HeroLoadoutData.cLife declaredType=System.Collections.Generic.List`1[[LoadoutStarItem, Dew.Core, Version=0.0.0.0, Culture=neutral, PublicKeyToken=null]] valueType=System.Collections.Generic.List`1[[LoadoutStarItem, Dew.Core, Version=0.0.0.0, Culture=neutral, PublicKeyToken=null]]
[DPS Meter][HEAL TRACE] OBJECT MEMBER HeroLoadoutData.cLife item[0] type=LoadoutStarItem value=LoadoutStarItem
[DPS Meter][HEAL TRACE] OBJECT SCAN HeroLoadoutData.cLife[0] type=LoadoutStarItem
[DPS Meter][HEAL TRACE] OBJECT MEMBER LoadoutStarItem.name declaredType=System.String valueType=System.String
[DPS Meter][HEAL TRACE] LoadoutStarItem.name -> string="Se_Star_L_DodgeCooldown"
[DPS Meter][HEAL TRACE] OBJECT MEMBER LoadoutStarItem.level declaredType=System.Int32 valueType=System.Int32
[DPS Meter][HEAL TRACE] OBJECT MEMBER LoadoutStarItem.level value=4
[DPS Meter][HEAL TRACE] OBJECT MEMBER HeroLoadoutData.cLife item[1] type=LoadoutStarItem value=LoadoutStarItem
[DPS Meter][HEAL TRACE] OBJECT SCAN HeroLoadoutData.cLife[1] type=LoadoutStarItem
[DPS Meter][HEAL TRACE] OBJECT MEMBER LoadoutStarItem.name declaredType=System.String valueType=System.String
[DPS Meter][HEAL TRACE] LoadoutStarItem.name -> string="Se_Star_L_HealOnAttack"
[DPS Meter][HEAL TRACE] OBJECT MEMBER LoadoutStarItem.level declaredType=System.Int32 valueType=System.Int32
[DPS Meter][HEAL TRACE] OBJECT MEMBER LoadoutStarItem.level value=4
[DPS Meter][HEAL TRACE] OBJECT MEMBER HeroLoadoutData.cLife item[2] type=LoadoutStarItem value=LoadoutStarItem
[DPS Meter][HEAL TRACE] OBJECT SCAN HeroLoadoutData.cLife[2] type=LoadoutStarItem
[DPS Meter][HEAL TRACE] OBJECT MEMBER LoadoutStarItem.name declaredType=System.String valueType=System.String
[DPS Meter][HEAL TRACE] LoadoutStarItem.name -> string="Se_Star_Bismuth_L_ContinuousSpeed"
[DPS Meter][HEAL TRACE] OBJECT MEMBER LoadoutStarItem.level declaredType=System.Int32 valueType=System.Int32
[DPS Meter][HEAL TRACE] OBJECT MEMBER LoadoutStarItem.level value=4
[DPS Meter][HEAL TRACE] OBJECT MEMBER HeroLoadoutData.cImagination declaredType=System.Collections.Generic.List`1[[LoadoutStarItem, Dew.Core, Version=0.0.0.0, Culture=neutral, PublicKeyToken=null]] valueType=System.Collections.Generic.List`1[[LoadoutStarItem, Dew.Core, Version=0.0.0.0, Culture=neutral, PublicKeyToken=null]]
[DPS Meter][HEAL TRACE] OBJECT MEMBER HeroLoadoutData.cImagination item[0] type=LoadoutStarItem value=LoadoutStarItem
[DPS Meter][HEAL TRACE] OBJECT SCAN HeroLoadoutData.cImagination[0] type=LoadoutStarItem
[DPS Meter][HEAL TRACE] OBJECT MEMBER LoadoutStarItem.name declaredType=System.String valueType=System.String
[DPS Meter][HEAL TRACE] LoadoutStarItem.name -> string="Se_Star_Bismuth_I_KnowledgeBook"
[DPS Meter][HEAL TRACE] OBJECT MEMBER LoadoutStarItem.level declaredType=System.Int32 valueType=System.Int32
[DPS Meter][HEAL TRACE] OBJECT MEMBER LoadoutStarItem.level value=3
[DPS Meter][HEAL TRACE] OBJECT MEMBER HeroLoadoutData.cImagination item[1] type=LoadoutStarItem value=LoadoutStarItem
[DPS Meter][HEAL TRACE] OBJECT SCAN HeroLoadoutData.cImagination[1] type=LoadoutStarItem
[DPS Meter][HEAL TRACE] OBJECT MEMBER LoadoutStarItem.name declaredType=System.String valueType=System.String
[DPS Meter][HEAL TRACE] LoadoutStarItem.name -> string="Se_Star_Bismuth_I_DismantleMemoryDreamDust"
[DPS Meter][HEAL TRACE] OBJECT MEMBER LoadoutStarItem.level declaredType=System.Int32 valueType=System.Int32
[DPS Meter][HEAL TRACE] OBJECT MEMBER LoadoutStarItem.level value=4
[DPS Meter][HEAL TRACE] OBJECT MEMBER HeroLoadoutData.cImagination item[2] type=LoadoutStarItem value=LoadoutStarItem
[DPS Meter][HEAL TRACE] OBJECT SCAN HeroLoadoutData.cImagination[2] type=LoadoutStarItem
[DPS Meter][HEAL TRACE] OBJECT MEMBER LoadoutStarItem.name declaredType=System.String valueType=System.String
[DPS Meter][HEAL TRACE] LoadoutStarItem.name -> string="Se_Star_I_MoreShopItems"
[DPS Meter][HEAL TRACE] OBJECT MEMBER LoadoutStarItem.level declaredType=System.Int32 valueType=System.Int32
[DPS Meter][HEAL TRACE] OBJECT MEMBER LoadoutStarItem.level value=3
[DPS Meter][HEAL TRACE] OBJECT MEMBER HeroLoadoutData.cImagination item[3] type=LoadoutStarItem value=LoadoutStarItem
[DPS Meter][HEAL TRACE] OBJECT SCAN HeroLoadoutData.cImagination[3] type=LoadoutStarItem
[DPS Meter][HEAL TRACE] OBJECT MEMBER LoadoutStarItem.name declaredType=System.String valueType=System.String
[DPS Meter][HEAL TRACE] LoadoutStarItem.name -> string="Se_Star_Bismuth_F_IT_InnerDamage"
[DPS Meter][HEAL TRACE] OBJECT MEMBER LoadoutStarItem.level declaredType=System.Int32 valueType=System.Int32
[DPS Meter][HEAL TRACE] OBJECT MEMBER LoadoutStarItem.level value=1
[DPS Meter][HEAL TRACE] OBJECT MEMBER HeroLoadoutData.cImagination item[4] type=LoadoutStarItem value=LoadoutStarItem
[DPS Meter][HEAL TRACE] OBJECT SCAN HeroLoadoutData.cImagination[4] type=LoadoutStarItem
[DPS Meter][HEAL TRACE] OBJECT MEMBER LoadoutStarItem.name declaredType=System.String valueType=System.String
[DPS Meter][HEAL TRACE] LoadoutStarItem.name -> string="Se_Star_I_ShopRefreshToken"
[DPS Meter][HEAL TRACE] OBJECT MEMBER LoadoutStarItem.level declaredType=System.Int32 valueType=System.Int32
[DPS Meter][HEAL TRACE] OBJECT MEMBER LoadoutStarItem.level value=3
[DPS Meter][HEAL TRACE] OBJECT MEMBER HeroLoadoutData.cImagination item[5] type=LoadoutStarItem value=LoadoutStarItem
[DPS Meter][HEAL TRACE] OBJECT SCAN HeroLoadoutData.cImagination[5] type=LoadoutStarItem
[DPS Meter][HEAL TRACE] OBJECT MEMBER LoadoutStarItem.name declaredType=System.String valueType=System.String
[DPS Meter][HEAL TRACE] LoadoutStarItem.name -> string="Se_Star_I_ExtraChaosOptionGoldOnUse"
[DPS Meter][HEAL TRACE] OBJECT MEMBER LoadoutStarItem.level declaredType=System.Int32 valueType=System.Int32
[DPS Meter][HEAL TRACE] OBJECT MEMBER LoadoutStarItem.level value=3
[DPS Meter][HEAL TRACE] OBJECT MEMBER HeroLoadoutData.cImagination item[6] type=LoadoutStarItem value=LoadoutStarItem
[DPS Meter][HEAL TRACE] OBJECT SCAN HeroLoadoutData.cImagination[6] type=LoadoutStarItem
[DPS Meter][HEAL TRACE] OBJECT MEMBER LoadoutStarItem.name declaredType=System.String valueType=System.String
[DPS Meter][HEAL TRACE] LoadoutStarItem.name -> string="Se_Star_I_DreamDustOnKillChance"
[DPS Meter][HEAL TRACE] OBJECT MEMBER LoadoutStarItem.level declaredType=System.Int32 valueType=System.Int32
[DPS Meter][HEAL TRACE] OBJECT MEMBER LoadoutStarItem.level value=4
[DPS Meter][HEAL TRACE] OBJECT MEMBER HeroLoadoutData.cFlexible declaredType=System.Collections.Generic.List`1[[LoadoutStarItem, Dew.Core, Version=0.0.0.0, Culture=neutral, PublicKeyToken=null]] valueType=System.Collections.Generic.List`1[[LoadoutStarItem, Dew.Core, Version=0.0.0.0, Culture=neutral, PublicKeyToken=null]]
[DPS Meter][HEAL TRACE] OBJECT MEMBER HeroLoadoutData.cFlexible item[0] type=LoadoutStarItem value=LoadoutStarItem
[DPS Meter][HEAL TRACE] OBJECT SCAN HeroLoadoutData.cFlexible[0] type=LoadoutStarItem
[DPS Meter][HEAL TRACE] OBJECT MEMBER LoadoutStarItem.name declaredType=System.String valueType=System.String
[DPS Meter][HEAL TRACE] LoadoutStarItem.name -> string="Se_Star_I_DismantleDustToBonusGold"
[DPS Meter][HEAL TRACE] OBJECT MEMBER LoadoutStarItem.level declaredType=System.Int32 valueType=System.Int32
[DPS Meter][HEAL TRACE] OBJECT MEMBER LoadoutStarItem.level value=4
[DPS Meter][HEAL TRACE] OBJECT MEMBER HeroLoadoutData.cFlexible item[1] type=LoadoutStarItem value=LoadoutStarItem
[DPS Meter][HEAL TRACE] OBJECT SCAN HeroLoadoutData.cFlexible[1] type=LoadoutStarItem
[DPS Meter][HEAL TRACE] OBJECT MEMBER LoadoutStarItem.name declaredType=System.String valueType=System.String
[DPS Meter][HEAL TRACE] LoadoutStarItem.name -> string="Se_Star_I_AdditionalChaosChance"
[DPS Meter][HEAL TRACE] OBJECT MEMBER LoadoutStarItem.level declaredType=System.Int32 valueType=System.Int32
[DPS Meter][HEAL TRACE] OBJECT MEMBER LoadoutStarItem.level value=5
[DPS Meter][HEAL TRACE] OBJECT MEMBER HeroLoadoutData.cFlexible item[2] type=LoadoutStarItem value=LoadoutStarItem
[DPS Meter][HEAL TRACE] OBJECT SCAN HeroLoadoutData.cFlexible[2] type=LoadoutStarItem
[DPS Meter][HEAL TRACE] OBJECT MEMBER LoadoutStarItem.name declaredType=System.String valueType=System.String
[DPS Meter][HEAL TRACE] LoadoutStarItem.name -> string="Se_Star_I_ShopDiscount"
[DPS Meter][HEAL TRACE] OBJECT MEMBER LoadoutStarItem.level declaredType=System.Int32 valueType=System.Int32
[DPS Meter][HEAL TRACE] OBJECT MEMBER LoadoutStarItem.level value=5
[DPS Meter][HEAL TRACE] ENTER source=type=Se_Star_L_HealOnAttack name=Se_Star_L_HealOnAttack(Clone)
[DPS Meter][HEAL TRACE] TARGET STAR EFFECT FOUND name=Se_Star_L_HealOnAttack(Clone)
[DPS Meter][HEAL TRACE] SELECTED LOADOUT type=HeroLoadoutData
[DPS Meter][HEAL TRACE] OBJECT SCAN SelectedLoadout type=HeroLoadoutData
[DPS Meter][HEAL TRACE] OBJECT MEMBER HeroLoadoutData.skillQ declaredType=System.Int32 valueType=System.Int32
[DPS Meter][HEAL TRACE] OBJECT MEMBER HeroLoadoutData.skillQ value=1
[DPS Meter][HEAL TRACE] OBJECT MEMBER HeroLoadoutData.skillR declaredType=System.Int32 valueType=System.Int32
[DPS Meter][HEAL TRACE] OBJECT MEMBER HeroLoadoutData.skillR value=0
[DPS Meter][HEAL TRACE] OBJECT MEMBER HeroLoadoutData.skillTrait declaredType=System.Int32 valueType=System.Int32
[DPS Meter][HEAL TRACE] OBJECT MEMBER HeroLoadoutData.skillTrait value=0
[DPS Meter][HEAL TRACE] OBJECT MEMBER HeroLoadoutData.skillMovement declaredType=System.Int32 valueType=System.Int32
[DPS Meter][HEAL TRACE] OBJECT MEMBER HeroLoadoutData.skillMovement value=0
[DPS Meter][HEAL TRACE] OBJECT MEMBER HeroLoadoutData.cDestruction declaredType=System.Collections.Generic.List`1[[LoadoutStarItem, Dew.Core, Version=0.0.0.0, Culture=neutral, PublicKeyToken=null]] valueType=System.Collections.Generic.List`1[[LoadoutStarItem, Dew.Core, Version=0.0.0.0, Culture=neutral, PublicKeyToken=null]]
[DPS Meter][HEAL TRACE] OBJECT MEMBER HeroLoadoutData.cDestruction item[0] type=LoadoutStarItem value=LoadoutStarItem
[DPS Meter][HEAL TRACE] OBJECT SCAN HeroLoadoutData.cDestruction[0] type=LoadoutStarItem
[DPS Meter][HEAL TRACE] OBJECT MEMBER LoadoutStarItem.name declaredType=System.String valueType=System.String
[DPS Meter][HEAL TRACE] LoadoutStarItem.name -> string="Se_Star_D_RiftFirstCastDamageUp"
[DPS Meter][HEAL TRACE] OBJECT MEMBER LoadoutStarItem.level declaredType=System.Int32 valueType=System.Int32
[DPS Meter][HEAL TRACE] OBJECT MEMBER LoadoutStarItem.level value=3
[DPS Meter][HEAL TRACE] OBJECT MEMBER HeroLoadoutData.cDestruction item[1] type=LoadoutStarItem value=LoadoutStarItem
[DPS Meter][HEAL TRACE] OBJECT SCAN HeroLoadoutData.cDestruction[1] type=LoadoutStarItem
[DPS Meter][HEAL TRACE] OBJECT MEMBER LoadoutStarItem.name declaredType=System.String valueType=System.String
[DPS Meter][HEAL TRACE] LoadoutStarItem.name -> string="Se_Star_D_FireAmp"
[DPS Meter][HEAL TRACE] OBJECT MEMBER LoadoutStarItem.level declaredType=System.Int32 valueType=System.Int32
[DPS Meter][HEAL TRACE] OBJECT MEMBER LoadoutStarItem.level value=4
[DPS Meter][HEAL TRACE] OBJECT MEMBER HeroLoadoutData.cDestruction item[2] type=LoadoutStarItem value=LoadoutStarItem
[DPS Meter][HEAL TRACE] OBJECT SCAN HeroLoadoutData.cDestruction[2] type=LoadoutStarItem
[DPS Meter][HEAL TRACE] OBJECT MEMBER LoadoutStarItem.name declaredType=System.String valueType=System.String
[DPS Meter][HEAL TRACE] LoadoutStarItem.name -> string="Se_Star_D_BossDamageAmp"
[DPS Meter][HEAL TRACE] OBJECT MEMBER LoadoutStarItem.level declaredType=System.Int32 valueType=System.Int32
[DPS Meter][HEAL TRACE] OBJECT MEMBER LoadoutStarItem.level value=4
[DPS Meter][HEAL TRACE] OBJECT MEMBER HeroLoadoutData.cDestruction item[3] type=LoadoutStarItem value=LoadoutStarItem
[DPS Meter][HEAL TRACE] OBJECT SCAN HeroLoadoutData.cDestruction[3] type=LoadoutStarItem
[DPS Meter][HEAL TRACE] OBJECT MEMBER LoadoutStarItem.name declaredType=System.String valueType=System.String
[DPS Meter][HEAL TRACE] LoadoutStarItem.name -> string="Se_Star_Bismuth_D_SkillHasteAndAutoCast"
[DPS Meter][HEAL TRACE] OBJECT MEMBER LoadoutStarItem.level declaredType=System.Int32 valueType=System.Int32
[DPS Meter][HEAL TRACE] OBJECT MEMBER LoadoutStarItem.level value=4
[DPS Meter][HEAL TRACE] OBJECT MEMBER HeroLoadoutData.cDestruction item[4] type=LoadoutStarItem value=LoadoutStarItem
[DPS Meter][HEAL TRACE] OBJECT SCAN HeroLoadoutData.cDestruction[4] type=LoadoutStarItem
[DPS Meter][HEAL TRACE] OBJECT MEMBER LoadoutStarItem.name declaredType=System.String valueType=System.String
[DPS Meter][HEAL TRACE] LoadoutStarItem.name -> string="Se_Star_Bismuth_D_BonusAttackEffect"
[DPS Meter][HEAL TRACE] OBJECT MEMBER LoadoutStarItem.level declaredType=System.Int32 valueType=System.Int32
[DPS Meter][HEAL TRACE] OBJECT MEMBER LoadoutStarItem.level value=3
[DPS Meter][HEAL TRACE] OBJECT MEMBER HeroLoadoutData.cLife declaredType=System.Collections.Generic.List`1[[LoadoutStarItem, Dew.Core, Version=0.0.0.0, Culture=neutral, PublicKeyToken=null]] valueType=System.Collections.Generic.List`1[[LoadoutStarItem, Dew.Core, Version=0.0.0.0, Culture=neutral, PublicKeyToken=null]]
[DPS Meter][HEAL TRACE] OBJECT MEMBER HeroLoadoutData.cLife item[0] type=LoadoutStarItem value=LoadoutStarItem
[DPS Meter][HEAL TRACE] OBJECT SCAN HeroLoadoutData.cLife[0] type=LoadoutStarItem
[DPS Meter][HEAL TRACE] OBJECT MEMBER LoadoutStarItem.name declaredType=System.String valueType=System.String
[DPS Meter][HEAL TRACE] LoadoutStarItem.name -> string="Se_Star_L_DodgeCooldown"
[DPS Meter][HEAL TRACE] OBJECT MEMBER LoadoutStarItem.level declaredType=System.Int32 valueType=System.Int32
[DPS Meter][HEAL TRACE] OBJECT MEMBER LoadoutStarItem.level value=4
[DPS Meter][HEAL TRACE] OBJECT MEMBER HeroLoadoutData.cLife item[1] type=LoadoutStarItem value=LoadoutStarItem
[DPS Meter][HEAL TRACE] OBJECT SCAN HeroLoadoutData.cLife[1] type=LoadoutStarItem
[DPS Meter][HEAL TRACE] OBJECT MEMBER LoadoutStarItem.name declaredType=System.String valueType=System.String
[DPS Meter][HEAL TRACE] LoadoutStarItem.name -> string="Se_Star_L_HealOnAttack"
[DPS Meter][HEAL TRACE] OBJECT MEMBER LoadoutStarItem.level declaredType=System.Int32 valueType=System.Int32
[DPS Meter][HEAL TRACE] OBJECT MEMBER LoadoutStarItem.level value=4
[DPS Meter][HEAL TRACE] OBJECT MEMBER HeroLoadoutData.cLife item[2] type=LoadoutStarItem value=LoadoutStarItem
[DPS Meter][HEAL TRACE] OBJECT SCAN HeroLoadoutData.cLife[2] type=LoadoutStarItem
[DPS Meter][HEAL TRACE] OBJECT MEMBER LoadoutStarItem.name declaredType=System.String valueType=System.String
[DPS Meter][HEAL TRACE] LoadoutStarItem.name -> string="Se_Star_Bismuth_L_ContinuousSpeed"
[DPS Meter][HEAL TRACE] OBJECT MEMBER LoadoutStarItem.level declaredType=System.Int32 valueType=System.Int32
[DPS Meter][HEAL TRACE] OBJECT MEMBER LoadoutStarItem.level value=4
[DPS Meter][HEAL TRACE] OBJECT MEMBER HeroLoadoutData.cImagination declaredType=System.Collections.Generic.List`1[[LoadoutStarItem, Dew.Core, Version=0.0.0.0, Culture=neutral, PublicKeyToken=null]] valueType=System.Collections.Generic.List`1[[LoadoutStarItem, Dew.Core, Version=0.0.0.0, Culture=neutral, PublicKeyToken=null]]
[DPS Meter][HEAL TRACE] OBJECT MEMBER HeroLoadoutData.cImagination item[0] type=LoadoutStarItem value=LoadoutStarItem
[DPS Meter][HEAL TRACE] OBJECT SCAN HeroLoadoutData.cImagination[0] type=LoadoutStarItem
[DPS Meter][HEAL TRACE] OBJECT MEMBER LoadoutStarItem.name declaredType=System.String valueType=System.String
[DPS Meter][HEAL TRACE] LoadoutStarItem.name -> string="Se_Star_Bismuth_I_KnowledgeBook"
[DPS Meter][HEAL TRACE] OBJECT MEMBER LoadoutStarItem.level declaredType=System.Int32 valueType=System.Int32
[DPS Meter][HEAL TRACE] OBJECT MEMBER LoadoutStarItem.level value=3
[DPS Meter][HEAL TRACE] OBJECT MEMBER HeroLoadoutData.cImagination item[1] type=LoadoutStarItem value=LoadoutStarItem
[DPS Meter][HEAL TRACE] OBJECT SCAN HeroLoadoutData.cImagination[1] type=LoadoutStarItem
[DPS Meter][HEAL TRACE] OBJECT MEMBER LoadoutStarItem.name declaredType=System.String valueType=System.String
[DPS Meter][HEAL TRACE] LoadoutStarItem.name -> string="Se_Star_Bismuth_I_DismantleMemoryDreamDust"
[DPS Meter][HEAL TRACE] OBJECT MEMBER LoadoutStarItem.level declaredType=System.Int32 valueType=System.Int32
[DPS Meter][HEAL TRACE] OBJECT MEMBER LoadoutStarItem.level value=4
[DPS Meter][HEAL TRACE] OBJECT MEMBER HeroLoadoutData.cImagination item[2] type=LoadoutStarItem value=LoadoutStarItem
[DPS Meter][HEAL TRACE] OBJECT SCAN HeroLoadoutData.cImagination[2] type=LoadoutStarItem
[DPS Meter][HEAL TRACE] OBJECT MEMBER LoadoutStarItem.name declaredType=System.String valueType=System.String
[DPS Meter][HEAL TRACE] LoadoutStarItem.name -> string="Se_Star_I_MoreShopItems"
[DPS Meter][HEAL TRACE] OBJECT MEMBER LoadoutStarItem.level declaredType=System.Int32 valueType=System.Int32
[DPS Meter][HEAL TRACE] OBJECT MEMBER LoadoutStarItem.level value=3
[DPS Meter][HEAL TRACE] OBJECT MEMBER HeroLoadoutData.cImagination item[3] type=LoadoutStarItem value=LoadoutStarItem
[DPS Meter][HEAL TRACE] OBJECT SCAN HeroLoadoutData.cImagination[3] type=LoadoutStarItem
[DPS Meter][HEAL TRACE] OBJECT MEMBER LoadoutStarItem.name declaredType=System.String valueType=System.String
[DPS Meter][HEAL TRACE] LoadoutStarItem.name -> string="Se_Star_Bismuth_F_IT_InnerDamage"
[DPS Meter][HEAL TRACE] OBJECT MEMBER LoadoutStarItem.level declaredType=System.Int32 valueType=System.Int32
[DPS Meter][HEAL TRACE] OBJECT MEMBER LoadoutStarItem.level value=1
[DPS Meter][HEAL TRACE] OBJECT MEMBER HeroLoadoutData.cImagination item[4] type=LoadoutStarItem value=LoadoutStarItem
[DPS Meter][HEAL TRACE] OBJECT SCAN HeroLoadoutData.cImagination[4] type=LoadoutStarItem
[DPS Meter][HEAL TRACE] OBJECT MEMBER LoadoutStarItem.name declaredType=System.String valueType=System.String
[DPS Meter][HEAL TRACE] LoadoutStarItem.name -> string="Se_Star_I_ShopRefreshToken"
[DPS Meter][HEAL TRACE] OBJECT MEMBER LoadoutStarItem.level declaredType=System.Int32 valueType=System.Int32
[DPS Meter][HEAL TRACE] OBJECT MEMBER LoadoutStarItem.level value=3
[DPS Meter][HEAL TRACE] OBJECT MEMBER HeroLoadoutData.cImagination item[5] type=LoadoutStarItem value=LoadoutStarItem
[DPS Meter][HEAL TRACE] OBJECT SCAN HeroLoadoutData.cImagination[5] type=LoadoutStarItem
[DPS Meter][HEAL TRACE] OBJECT MEMBER LoadoutStarItem.name declaredType=System.String valueType=System.String
[DPS Meter][HEAL TRACE] LoadoutStarItem.name -> string="Se_Star_I_ExtraChaosOptionGoldOnUse"
[DPS Meter][HEAL TRACE] OBJECT MEMBER LoadoutStarItem.level declaredType=System.Int32 valueType=System.Int32
[DPS Meter][HEAL TRACE] OBJECT MEMBER LoadoutStarItem.level value=3
[DPS Meter][HEAL TRACE] OBJECT MEMBER HeroLoadoutData.cImagination item[6] type=LoadoutStarItem value=LoadoutStarItem
[DPS Meter][HEAL TRACE] OBJECT SCAN HeroLoadoutData.cImagination[6] type=LoadoutStarItem
[DPS Meter][HEAL TRACE] OBJECT MEMBER LoadoutStarItem.name declaredType=System.String valueType=System.String
[DPS Meter][HEAL TRACE] LoadoutStarItem.name -> string="Se_Star_I_DreamDustOnKillChance"
[DPS Meter][HEAL TRACE] OBJECT MEMBER LoadoutStarItem.level declaredType=System.Int32 valueType=System.Int32
[DPS Meter][HEAL TRACE] OBJECT MEMBER LoadoutStarItem.level value=4
[DPS Meter][HEAL TRACE] OBJECT MEMBER HeroLoadoutData.cFlexible declaredType=System.Collections.Generic.List`1[[LoadoutStarItem, Dew.Core, Version=0.0.0.0, Culture=neutral, PublicKeyToken=null]] valueType=System.Collections.Generic.List`1[[LoadoutStarItem, Dew.Core, Version=0.0.0.0, Culture=neutral, PublicKeyToken=null]]
[DPS Meter][HEAL TRACE] OBJECT MEMBER HeroLoadoutData.cFlexible item[0] type=LoadoutStarItem value=LoadoutStarItem
[DPS Meter][HEAL TRACE] OBJECT SCAN HeroLoadoutData.cFlexible[0] type=LoadoutStarItem
[DPS Meter][HEAL TRACE] OBJECT MEMBER LoadoutStarItem.name declaredType=System.String valueType=System.String
[DPS Meter][HEAL TRACE] LoadoutStarItem.name -> string="Se_Star_I_DismantleDustToBonusGold"
[DPS Meter][HEAL TRACE] OBJECT MEMBER LoadoutStarItem.level declaredType=System.Int32 valueType=System.Int32
[DPS Meter][HEAL TRACE] OBJECT MEMBER LoadoutStarItem.level value=4
[DPS Meter][HEAL TRACE] OBJECT MEMBER HeroLoadoutData.cFlexible item[1] type=LoadoutStarItem value=LoadoutStarItem
[DPS Meter][HEAL TRACE] OBJECT SCAN HeroLoadoutData.cFlexible[1] type=LoadoutStarItem
[DPS Meter][HEAL TRACE] OBJECT MEMBER LoadoutStarItem.name declaredType=System.String valueType=System.String
[DPS Meter][HEAL TRACE] LoadoutStarItem.name -> string="Se_Star_I_AdditionalChaosChance"
[DPS Meter][HEAL TRACE] OBJECT MEMBER LoadoutStarItem.level declaredType=System.Int32 valueType=System.Int32
[DPS Meter][HEAL TRACE] OBJECT MEMBER LoadoutStarItem.level value=5
[DPS Meter][HEAL TRACE] OBJECT MEMBER HeroLoadoutData.cFlexible item[2] type=LoadoutStarItem value=LoadoutStarItem
[DPS Meter][HEAL TRACE] OBJECT SCAN HeroLoadoutData.cFlexible[2] type=LoadoutStarItem
[DPS Meter][HEAL TRACE] OBJECT MEMBER LoadoutStarItem.name declaredType=System.String valueType=System.String
[DPS Meter][HEAL TRACE] LoadoutStarItem.name -> string="Se_Star_I_ShopDiscount"
[DPS Meter][HEAL TRACE] OBJECT MEMBER LoadoutStarItem.level declaredType=System.Int32 valueType=System.Int32
[DPS Meter][HEAL TRACE] OBJECT MEMBER LoadoutStarItem.level value=5
[DPS Meter][HEAL TRACE] ENTER source=type=Se_Star_L_HealOnAttack name=Se_Star_L_HealOnAttack(Clone)
[DPS Meter][HEAL TRACE] TARGET STAR EFFECT FOUND name=Se_Star_L_HealOnAttack(Clone)
[DPS Meter][HEAL TRACE] SELECTED LOADOUT type=HeroLoadoutData
[DPS Meter][HEAL TRACE] OBJECT SCAN SelectedLoadout type=HeroLoadoutData
[DPS Meter][HEAL TRACE] OBJECT MEMBER HeroLoadoutData.skillQ declaredType=System.Int32 valueType=System.Int32
[DPS Meter][HEAL TRACE] OBJECT MEMBER HeroLoadoutData.skillQ value=1
[DPS Meter][HEAL TRACE] OBJECT MEMBER HeroLoadoutData.skillR declaredType=System.Int32 valueType=System.Int32
[DPS Meter][HEAL TRACE] OBJECT MEMBER HeroLoadoutData.skillR value=0
[DPS Meter][HEAL TRACE] OBJECT MEMBER HeroLoadoutData.skillTrait declaredType=System.Int32 valueType=System.Int32
[DPS Meter][HEAL TRACE] OBJECT MEMBER HeroLoadoutData.skillTrait value=0
[DPS Meter][HEAL TRACE] OBJECT MEMBER HeroLoadoutData.skillMovement declaredType=System.Int32 valueType=System.Int32
[DPS Meter][HEAL TRACE] OBJECT MEMBER HeroLoadoutData.skillMovement value=0
[DPS Meter][HEAL TRACE] OBJECT MEMBER HeroLoadoutData.cDestruction declaredType=System.Collections.Generic.List`1[[LoadoutStarItem, Dew.Core, Version=0.0.0.0, Culture=neutral, PublicKeyToken=null]] valueType=System.Collections.Generic.List`1[[LoadoutStarItem, Dew.Core, Version=0.0.0.0, Culture=neutral, PublicKeyToken=null]]
[DPS Meter][HEAL TRACE] OBJECT MEMBER HeroLoadoutData.cDestruction item[0] type=LoadoutStarItem value=LoadoutStarItem
[DPS Meter][HEAL TRACE] OBJECT SCAN HeroLoadoutData.cDestruction[0] type=LoadoutStarItem
[DPS Meter][HEAL TRACE] OBJECT MEMBER LoadoutStarItem.name declaredType=System.String valueType=System.String
[DPS Meter][HEAL TRACE] LoadoutStarItem.name -> string="Se_Star_D_RiftFirstCastDamageUp"
[DPS Meter][HEAL TRACE] OBJECT MEMBER LoadoutStarItem.level declaredType=System.Int32 valueType=System.Int32
[DPS Meter][HEAL TRACE] OBJECT MEMBER LoadoutStarItem.level value=3
[DPS Meter][HEAL TRACE] OBJECT MEMBER HeroLoadoutData.cDestruction item[1] type=LoadoutStarItem value=LoadoutStarItem
[DPS Meter][HEAL TRACE] OBJECT SCAN HeroLoadoutData.cDestruction[1] type=LoadoutStarItem
[DPS Meter][HEAL TRACE] OBJECT MEMBER LoadoutStarItem.name declaredType=System.String valueType=System.String
[DPS Meter][HEAL TRACE] LoadoutStarItem.name -> string="Se_Star_D_FireAmp"
[DPS Meter][HEAL TRACE] OBJECT MEMBER LoadoutStarItem.level declaredType=System.Int32 valueType=System.Int32
[DPS Meter][HEAL TRACE] OBJECT MEMBER LoadoutStarItem.level value=4
[DPS Meter][HEAL TRACE] OBJECT MEMBER HeroLoadoutData.cDestruction item[2] type=LoadoutStarItem value=LoadoutStarItem
[DPS Meter][HEAL TRACE] OBJECT SCAN HeroLoadoutData.cDestruction[2] type=LoadoutStarItem
[DPS Meter][HEAL TRACE] OBJECT MEMBER LoadoutStarItem.name declaredType=System.String valueType=System.String
[DPS Meter][HEAL TRACE] LoadoutStarItem.name -> string="Se_Star_D_BossDamageAmp"
[DPS Meter][HEAL TRACE] OBJECT MEMBER LoadoutStarItem.level declaredType=System.Int32 valueType=System.Int32
[DPS Meter][HEAL TRACE] OBJECT MEMBER LoadoutStarItem.level value=4
[DPS Meter][HEAL TRACE] OBJECT MEMBER HeroLoadoutData.cDestruction item[3] type=LoadoutStarItem value=LoadoutStarItem
[DPS Meter][HEAL TRACE] OBJECT SCAN HeroLoadoutData.cDestruction[3] type=LoadoutStarItem
[DPS Meter][HEAL TRACE] OBJECT MEMBER LoadoutStarItem.name declaredType=System.String valueType=System.String
[DPS Meter][HEAL TRACE] LoadoutStarItem.name -> string="Se_Star_Bismuth_D_SkillHasteAndAutoCast"
[DPS Meter][HEAL TRACE] OBJECT MEMBER LoadoutStarItem.level declaredType=System.Int32 valueType=System.Int32
[DPS Meter][HEAL TRACE] OBJECT MEMBER LoadoutStarItem.level value=4
[DPS Meter][HEAL TRACE] OBJECT MEMBER HeroLoadoutData.cDestruction item[4] type=LoadoutStarItem value=LoadoutStarItem
[DPS Meter][HEAL TRACE] OBJECT SCAN HeroLoadoutData.cDestruction[4] type=LoadoutStarItem
[DPS Meter][HEAL TRACE] OBJECT MEMBER LoadoutStarItem.name declaredType=System.String valueType=System.String
[DPS Meter][HEAL TRACE] LoadoutStarItem.name -> string="Se_Star_Bismuth_D_BonusAttackEffect"
[DPS Meter][HEAL TRACE] OBJECT MEMBER LoadoutStarItem.level declaredType=System.Int32 valueType=System.Int32
[DPS Meter][HEAL TRACE] OBJECT MEMBER LoadoutStarItem.level value=3
[DPS Meter][HEAL TRACE] OBJECT MEMBER HeroLoadoutData.cLife declaredType=System.Collections.Generic.List`1[[LoadoutStarItem, Dew.Core, Version=0.0.0.0, Culture=neutral, PublicKeyToken=null]] valueType=System.Collections.Generic.List`1[[LoadoutStarItem, Dew.Core, Version=0.0.0.0, Culture=neutral, PublicKeyToken=null]]
[DPS Meter][HEAL TRACE] OBJECT MEMBER HeroLoadoutData.cLife item[0] type=LoadoutStarItem value=LoadoutStarItem
[DPS Meter][HEAL TRACE] OBJECT SCAN HeroLoadoutData.cLife[0] type=LoadoutStarItem
[DPS Meter][HEAL TRACE] OBJECT MEMBER LoadoutStarItem.name declaredType=System.String valueType=System.String
[DPS Meter][HEAL TRACE] LoadoutStarItem.name -> string="Se_Star_L_DodgeCooldown"
[DPS Meter][HEAL TRACE] OBJECT MEMBER LoadoutStarItem.level declaredType=System.Int32 valueType=System.Int32
[DPS Meter][HEAL TRACE] OBJECT MEMBER LoadoutStarItem.level value=4
[DPS Meter][HEAL TRACE] OBJECT MEMBER HeroLoadoutData.cLife item[1] type=LoadoutStarItem value=LoadoutStarItem
[DPS Meter][HEAL TRACE] OBJECT SCAN HeroLoadoutData.cLife[1] type=LoadoutStarItem
[DPS Meter][HEAL TRACE] OBJECT MEMBER LoadoutStarItem.name declaredType=System.String valueType=System.String
[DPS Meter][HEAL TRACE] LoadoutStarItem.name -> string="Se_Star_L_HealOnAttack"
[DPS Meter][HEAL TRACE] OBJECT MEMBER LoadoutStarItem.level declaredType=System.Int32 valueType=System.Int32
[DPS Meter][HEAL TRACE] OBJECT MEMBER LoadoutStarItem.level value=4
[DPS Meter][HEAL TRACE] OBJECT MEMBER HeroLoadoutData.cLife item[2] type=LoadoutStarItem value=LoadoutStarItem
[DPS Meter][HEAL TRACE] OBJECT SCAN HeroLoadoutData.cLife[2] type=LoadoutStarItem
[DPS Meter][HEAL TRACE] OBJECT MEMBER LoadoutStarItem.name declaredType=System.String valueType=System.String
[DPS Meter][HEAL TRACE] LoadoutStarItem.name -> string="Se_Star_Bismuth_L_ContinuousSpeed"
[DPS Meter][HEAL TRACE] OBJECT MEMBER LoadoutStarItem.level declaredType=System.Int32 valueType=System.Int32
[DPS Meter][HEAL TRACE] OBJECT MEMBER LoadoutStarItem.level value=4
[DPS Meter][HEAL TRACE] OBJECT MEMBER HeroLoadoutData.cImagination declaredType=System.Collections.Generic.List`1[[LoadoutStarItem, Dew.Core, Version=0.0.0.0, Culture=neutral, PublicKeyToken=null]] valueType=System.Collections.Generic.List`1[[LoadoutStarItem, Dew.Core, Version=0.0.0.0, Culture=neutral, PublicKeyToken=null]]
[DPS Meter][HEAL TRACE] OBJECT MEMBER HeroLoadoutData.cImagination item[0] type=LoadoutStarItem value=LoadoutStarItem
[DPS Meter][HEAL TRACE] OBJECT SCAN HeroLoadoutData.cImagination[0] type=LoadoutStarItem
[DPS Meter][HEAL TRACE] OBJECT MEMBER LoadoutStarItem.name declaredType=System.String valueType=System.String
[DPS Meter][HEAL TRACE] LoadoutStarItem.name -> string="Se_Star_Bismuth_I_KnowledgeBook"
[DPS Meter][HEAL TRACE] OBJECT MEMBER LoadoutStarItem.level declaredType=System.Int32 valueType=System.Int32
[DPS Meter][HEAL TRACE] OBJECT MEMBER LoadoutStarItem.level value=3
[DPS Meter][HEAL TRACE] OBJECT MEMBER HeroLoadoutData.cImagination item[1] type=LoadoutStarItem value=LoadoutStarItem
[DPS Meter][HEAL TRACE] OBJECT SCAN HeroLoadoutData.cImagination[1] type=LoadoutStarItem
[DPS Meter][HEAL TRACE] OBJECT MEMBER LoadoutStarItem.name declaredType=System.String valueType=System.String
[DPS Meter][HEAL TRACE] LoadoutStarItem.name -> string="Se_Star_Bismuth_I_DismantleMemoryDreamDust"
[DPS Meter][HEAL TRACE] OBJECT MEMBER LoadoutStarItem.level declaredType=System.Int32 valueType=System.Int32
[DPS Meter][HEAL TRACE] OBJECT MEMBER LoadoutStarItem.level value=4
[DPS Meter][HEAL TRACE] OBJECT MEMBER HeroLoadoutData.cImagination item[2] type=LoadoutStarItem value=LoadoutStarItem
[DPS Meter][HEAL TRACE] OBJECT SCAN HeroLoadoutData.cImagination[2] type=LoadoutStarItem
[DPS Meter][HEAL TRACE] OBJECT MEMBER LoadoutStarItem.name declaredType=System.String valueType=System.String
[DPS Meter][HEAL TRACE] LoadoutStarItem.name -> string="Se_Star_I_MoreShopItems"
[DPS Meter][HEAL TRACE] OBJECT MEMBER LoadoutStarItem.level declaredType=System.Int32 valueType=System.Int32
[DPS Meter][HEAL TRACE] OBJECT MEMBER LoadoutStarItem.level value=3
[DPS Meter][HEAL TRACE] OBJECT MEMBER HeroLoadoutData.cImagination item[3] type=LoadoutStarItem value=LoadoutStarItem
[DPS Meter][HEAL TRACE] OBJECT SCAN HeroLoadoutData.cImagination[3] type=LoadoutStarItem
[DPS Meter][HEAL TRACE] OBJECT MEMBER LoadoutStarItem.name declaredType=System.String valueType=System.String
[DPS Meter][HEAL TRACE] LoadoutStarItem.name -> string="Se_Star_Bismuth_F_IT_InnerDamage"
[DPS Meter][HEAL TRACE] OBJECT MEMBER LoadoutStarItem.level declaredType=System.Int32 valueType=System.Int32
[DPS Meter][HEAL TRACE] OBJECT MEMBER LoadoutStarItem.level value=1
[DPS Meter][HEAL TRACE] OBJECT MEMBER HeroLoadoutData.cImagination item[4] type=LoadoutStarItem value=LoadoutStarItem
[DPS Meter][HEAL TRACE] OBJECT SCAN HeroLoadoutData.cImagination[4] type=LoadoutStarItem
[DPS Meter][HEAL TRACE] OBJECT MEMBER LoadoutStarItem.name declaredType=System.String valueType=System.String
[DPS Meter][HEAL TRACE] LoadoutStarItem.name -> string="Se_Star_I_ShopRefreshToken"
[DPS Meter][HEAL TRACE] OBJECT MEMBER LoadoutStarItem.level declaredType=System.Int32 valueType=System.Int32
[DPS Meter][HEAL TRACE] OBJECT MEMBER LoadoutStarItem.level value=3
[DPS Meter][HEAL TRACE] OBJECT MEMBER HeroLoadoutData.cImagination item[5] type=LoadoutStarItem value=LoadoutStarItem
[DPS Meter][HEAL TRACE] OBJECT SCAN HeroLoadoutData.cImagination[5] type=LoadoutStarItem
[DPS Meter][HEAL TRACE] OBJECT MEMBER LoadoutStarItem.name declaredType=System.String valueType=System.String
[DPS Meter][HEAL TRACE] LoadoutStarItem.name -> string="Se_Star_I_ExtraChaosOptionGoldOnUse"
[DPS Meter][HEAL TRACE] OBJECT MEMBER LoadoutStarItem.level declaredType=System.Int32 valueType=System.Int32
[DPS Meter][HEAL TRACE] OBJECT MEMBER LoadoutStarItem.level value=3
[DPS Meter][HEAL TRACE] OBJECT MEMBER HeroLoadoutData.cImagination item[6] type=LoadoutStarItem value=LoadoutStarItem
[DPS Meter][HEAL TRACE] OBJECT SCAN HeroLoadoutData.cImagination[6] type=LoadoutStarItem
[DPS Meter][HEAL TRACE] OBJECT MEMBER LoadoutStarItem.name declaredType=System.String valueType=System.String
[DPS Meter][HEAL TRACE] LoadoutStarItem.name -> string="Se_Star_I_DreamDustOnKillChance"
[DPS Meter][HEAL TRACE] OBJECT MEMBER LoadoutStarItem.level declaredType=System.Int32 valueType=System.Int32
[DPS Meter][HEAL TRACE] OBJECT MEMBER LoadoutStarItem.level value=4
[DPS Meter][HEAL TRACE] OBJECT MEMBER HeroLoadoutData.cFlexible declaredType=System.Collections.Generic.List`1[[LoadoutStarItem, Dew.Core, Version=0.0.0.0, Culture=neutral, PublicKeyToken=null]] valueType=System.Collections.Generic.List`1[[LoadoutStarItem, Dew.Core, Version=0.0.0.0, Culture=neutral, PublicKeyToken=null]]
[DPS Meter][HEAL TRACE] OBJECT MEMBER HeroLoadoutData.cFlexible item[0] type=LoadoutStarItem value=LoadoutStarItem
[DPS Meter][HEAL TRACE] OBJECT SCAN HeroLoadoutData.cFlexible[0] type=LoadoutStarItem
[DPS Meter][HEAL TRACE] OBJECT MEMBER LoadoutStarItem.name declaredType=System.String valueType=System.String
[DPS Meter][HEAL TRACE] LoadoutStarItem.name -> string="Se_Star_I_DismantleDustToBonusGold"
[DPS Meter][HEAL TRACE] OBJECT MEMBER LoadoutStarItem.level declaredType=System.Int32 valueType=System.Int32
[DPS Meter][HEAL TRACE] OBJECT MEMBER LoadoutStarItem.level value=4
[DPS Meter][HEAL TRACE] OBJECT MEMBER HeroLoadoutData.cFlexible item[1] type=LoadoutStarItem value=LoadoutStarItem
[DPS Meter][HEAL TRACE] OBJECT SCAN HeroLoadoutData.cFlexible[1] type=LoadoutStarItem
[DPS Meter][HEAL TRACE] OBJECT MEMBER LoadoutStarItem.name declaredType=System.String valueType=System.String
[DPS Meter][HEAL TRACE] LoadoutStarItem.name -> string="Se_Star_I_AdditionalChaosChance"
[DPS Meter][HEAL TRACE] OBJECT MEMBER LoadoutStarItem.level declaredType=System.Int32 valueType=System.Int32
[DPS Meter][HEAL TRACE] OBJECT MEMBER LoadoutStarItem.level value=5
[DPS Meter][HEAL TRACE] OBJECT MEMBER HeroLoadoutData.cFlexible item[2] type=LoadoutStarItem value=LoadoutStarItem
[DPS Meter][HEAL TRACE] OBJECT SCAN HeroLoadoutData.cFlexible[2] type=LoadoutStarItem
[DPS Meter][HEAL TRACE] OBJECT MEMBER LoadoutStarItem.name declaredType=System.String valueType=System.String
[DPS Meter][HEAL TRACE] LoadoutStarItem.name -> string="Se_Star_I_ShopDiscount"
[DPS Meter][HEAL TRACE] OBJECT MEMBER LoadoutStarItem.level declaredType=System.Int32 valueType=System.Int32
[DPS Meter][HEAL TRACE] OBJECT MEMBER LoadoutStarItem.level value=5
Epic Manager: Category - LogHttp Message - 00000229AA203070: invalid HTTP response code received. URL: https://api.epicgames.dev/sdk/v1/default?platformId=WIN, HTTP code: 0, content length: 0, actual payload size: 0
Epic Manager: Category - LogHttp Message - 00000229AA203070: request failed, libcurl error: 7 (Couldn't connect to server)
Epic Manager: Category - LogHttp Message - 00000229AA203070: libcurl info message cache 0 (Hostname api.epicgames.dev was found in DNS cache)
Epic Manager: Category - LogHttp Message - 00000229AA203070: libcurl info message cache 1 (  Trying 104.18.124.108:443...)
Epic Manager: Category - LogHttp Message - 00000229AA203070: libcurl info message cache 2 (Immediate connect fail for 104.18.124.108: Connection refused)
Epic Manager: Category - LogHttp Message - 00000229AA203070: libcurl info message cache 3 (  Trying 104.18.125.108:443...)
Epic Manager: Category - LogHttp Message - 00000229AA203070: libcurl info message cache 4 (Immediate connect fail for 104.18.125.108: Connection refused)
Epic Manager: Category - LogHttp Message - 00000229AA203070: libcurl info message cache 5 (Failed to connect to api.epicgames.dev port 443 after 4 ms: Couldn't connect to server)
Epic Manager: Category - LogHttp Message - 00000229AA203070: libcurl info message cache 6 (Closing connection)
Epic Manager: Category - LogHttp Message - Retry exhausted on https://api.epicgames.dev/sdk/v1/default?platformId=WIN
Epic Manager: Category - LogHttp Message - 00000229AA2047B0: invalid HTTP response code received. URL: https://api.epicgames.dev/sdk/v1/default?platformId=WIN, HTTP code: 0, content length: 0, actual payload size: 0
Epic Manager: Category - LogHttp Message - 00000229AA2047B0: request failed, libcurl error: 7 (Couldn't connect to server)
Epic Manager: Category - LogHttp Message - 00000229AA2047B0: libcurl info message cache 0 (Hostname api.epicgames.dev was found in DNS cache)
Epic Manager: Category - LogHttp Message - 00000229AA2047B0: libcurl info message cache 1 (  Trying 104.18.124.108:443...)
Epic Manager: Category - LogHttp Message - 00000229AA2047B0: libcurl info message cache 2 (Immediate connect fail for 104.18.124.108: Connection refused)
Epic Manager: Category - LogHttp Message - 00000229AA2047B0: libcurl info message cache 3 (  Trying 104.18.125.108:443...)
Epic Manager: Category - LogHttp Message - 00000229AA2047B0: libcurl info message cache 4 (Immediate connect fail for 104.18.125.108: Connection refused)
Epic Manager: Category - LogHttp Message - 00000229AA2047B0: libcurl info message cache 5 (Failed to connect to api.epicgames.dev port 443 after 5 ms: Couldn't connect to server)
Epic Manager: Category - LogHttp Message - 00000229AA2047B0: libcurl info message cache 6 (Closing connection)
Epic Manager: Category - LogHttp Message - Retry exhausted on https://api.epicgames.dev/sdk/v1/default?platformId=WIN
Epic Manager: Category - LogHttp Message - 00000229AA203070: invalid HTTP response code received. URL: https://api.epicgames.dev/sdk/v1/default?platformId=WIN, HTTP code: 0, content length: 0, actual payload size: 0
Epic Manager: Category - LogHttp Message - 00000229AA203070: request failed, libcurl error: 7 (Couldn't connect to server)
Epic Manager: Category - LogHttp Message - 00000229AA203070: libcurl info message cache 0 (Hostname api.epicgames.dev was found in DNS cache)
Epic Manager: Category - LogHttp Message - 00000229AA203070: libcurl info message cache 1 (  Trying 104.18.124.108:443...)
Epic Manager: Category - LogHttp Message - 00000229AA203070: libcurl info message cache 2 (Immediate connect fail for 104.18.124.108: Connection refused)
Epic Manager: Category - LogHttp Message - 00000229AA203070: libcurl info message cache 3 (  Trying 104.18.125.108:443...)
Epic Manager: Category - LogHttp Message - 00000229AA203070: libcurl info message cache 4 (Immediate connect fail for 104.18.125.108: Connection refused)
Epic Manager: Category - LogHttp Message - 00000229AA203070: libcurl info message cache 5 (Failed to connect to api.epicgames.dev port 443 after 4 ms: Couldn't connect to server)
Epic Manager: Category - LogHttp Message - 00000229AA203070: libcurl info message cache 6 (Closing connection)
Epic Manager: Category - LogHttp Message - Retry exhausted on https://api.epicgames.dev/sdk/v1/default?platformId=WIN
Epic Manager: Category - LogHttp Message - 00000229AA203070: invalid HTTP response code received. URL: https://api.epicgames.dev/sdk/v1/default?platformId=WIN, HTTP code: 0, content length: 0, actual payload size: 0
Epic Manager: Category - LogHttp Message - 00000229AA203070: request failed, libcurl error: 7 (Couldn't connect to server)
Epic Manager: Category - LogHttp Message - 00000229AA203070: libcurl info message cache 0 (Hostname api.epicgames.dev was found in DNS cache)
Epic Manager: Category - LogHttp Message - 00000229AA203070: libcurl info message cache 1 (  Trying 104.18.124.108:443...)
Epic Manager: Category - LogHttp Message - 00000229AA203070: libcurl info message cache 2 (Immediate connect fail for 104.18.124.108: Connection refused)
Epic Manager: Category - LogHttp Message - 00000229AA203070: libcurl info message cache 3 (  Trying 104.18.125.108:443...)
Epic Manager: Category - LogHttp Message - 00000229AA203070: libcurl info message cache 4 (Immediate connect fail for 104.18.125.108: Connection refused)
Epic Manager: Category - LogHttp Message - 00000229AA203070: libcurl info message cache 5 (Failed to connect to api.epicgames.dev port 443 after 4 ms: Couldn't connect to server)
Epic Manager: Category - LogHttp Message - 00000229AA203070: libcurl info message cache 6 (Closing connection)
Epic Manager: Category - LogHttp Message - Retry exhausted on https://api.epicgames.dev/sdk/v1/default?platformId=WIN
